月份,排名,车型,销量,厂商,售价
201901,1,飞度,14232,广汽本田,8.18 - 10.88
201901,2,Polo,13641,上汽大众,9.09 - 12.49
201901,3,赛欧,9378,上汽通用雪佛兰,6.29 - 7.99
201901,4,YARiS L 致炫,8436,广汽丰田,8.58 - 10.38
201901,5,焕驰,7052,悦达起亚,6.49 - 6.89
201901,6,YARiS L 致享,6596,广汽丰田,8.78 - 9.38
201901,7,威驰,6377,一汽丰田,7.38 - 9.48
201901,8,宝骏310,5690,上汽通用五菱,4.09 - 5.29
201901,9,KX CROSS,5385,悦达起亚,0.00 - 0.00
201901,10,威驰FS,5192,一汽丰田,7.18 - 9.28
201901,11,长安CX20,4516,长安汽车,0.00 - 0.00
201901,12,晶锐,1512,上汽大众斯柯达,0.00 - 0.00
201901,13,名爵3,1291,上汽集团,0.00 - 0.00
201901,14,瑞纳,1010,北京现代,0.00 - 0.00
201901,15,奇瑞E3,776,奇瑞汽车,0.00 - 0.00
201901,16,悦翔,774,长安汽车,5.19 - 6.79
201901,17,悦纳,487,北京现代,7.28 - 9.68
201901,18,江淮iEV,203,江淮汽车,9.45 - 9.45
201901,19,传祺GA3S PHEV,147,广汽埃安,16.48 - 17.48
201901,20,起亚K2,111,悦达起亚,0.00 - 0.00
201901,21,和悦A30,102,江淮汽车,0.00 - 0.00
201901,22,乐风RV,11,上汽通用雪佛兰,7.49 - 9.99
201901,23,骊威,4,东风日产,0.00 - 0.00
201901,24,雨燕,3,长安铃木,0.00 - 0.00
201901,25,江铃E160,2,江铃集团新能源,0.00 - 0.00
201901,26,力帆330EV,1,力帆汽车,0.00 - 0.00
201902,1,飞度,7923,广汽本田,8.18 - 10.88
201902,2,Polo,7099,上汽大众,9.09 - 12.49
201902,3,赛欧,4459,上汽通用雪佛兰,6.29 - 7.99
201902,4,焕驰,4399,悦达起亚,6.49 - 6.89
201902,5,宝骏310,3718,上汽通用五菱,4.09 - 5.29
201902,6,YARiS L 致炫,3219,广汽丰田,8.58 - 10.38
201902,7,KX CROSS,2884,悦达起亚,0.00 - 0.00
201902,8,威驰,2819,一汽丰田,7.38 - 9.48
201902,9,YARiS L 致享,2555,广汽丰田,8.78 - 9.38
201902,10,瑞纳,2179,北京现代,0.00 - 0.00
201902,11,威驰FS,1822,一汽丰田,7.18 - 9.28
201902,12,悦纳,1506,北京现代,7.28 - 9.68
201902,13,悦翔,1070,长安汽车,5.19 - 6.79
201902,14,名爵3,532,上汽集团,0.00 - 0.00
201902,15,江淮iEV,286,江淮汽车,9.45 - 9.45
201902,16,奇瑞E3,263,奇瑞汽车,0.00 - 0.00
201902,17,起亚K2,120,悦达起亚,0.00 - 0.00
201902,18,和悦A30,98,江淮汽车,0.00 - 0.00
201902,19,雨燕,10,长安铃木,0.00 - 0.00
201902,20,风云2,10,奇瑞汽车,0.00 - 0.00
201903,1,飞度,15911,广汽本田,8.18 - 10.88
201903,2,Polo,7599,上汽大众,9.09 - 12.49
201903,3,宝骏310,7356,上汽通用五菱,4.09 - 5.29
201903,4,瑞纳,7242,北京现代,0.00 - 0.00
201903,5,赛欧,7201,上汽通用雪佛兰,6.29 - 7.99
201903,6,YARiS L 致炫,5662,广汽丰田,8.58 - 10.38
201903,7,威驰,5362,一汽丰田,7.38 - 9.48
201903,8,悦纳,5217,北京现代,7.28 - 9.68
201903,9,焕驰,4857,悦达起亚,6.49 - 6.89
201903,10,YARiS L 致享,4039,广汽丰田,8.78 - 9.38
201903,11,KX CROSS,3076,悦达起亚,0.00 - 0.00
201903,12,威驰FS,3006,一汽丰田,7.18 - 9.28
201903,13,江淮iEV,1900,江淮汽车,9.45 - 9.45
201903,14,悦翔,1193,长安汽车,5.19 - 6.79
201903,15,奇瑞E3,1024,奇瑞汽车,0.00 - 0.00
201903,16,名爵3,716,上汽集团,0.00 - 0.00
201903,17,和悦A30,197,江淮汽车,0.00 - 0.00
201903,18,起亚K2,125,悦达起亚,0.00 - 0.00
201903,19,威志V5,100,天津一汽,0.00 - 0.00
201903,20,威志V2,60,天津一汽,0.00 - 0.00
201903,21,风云2,15,奇瑞汽车,0.00 - 0.00
201903,22,雨燕,2,长安铃木,0.00 - 0.00
201903,23,乐风RV,1,上汽通用雪佛兰,7.49 - 9.99
201904,1,飞度,15349,广汽本田,8.18 - 10.88
201904,2,赛欧,7331,上汽通用雪佛兰,6.29 - 7.99
201904,3,威驰,6264,一汽丰田,7.38 - 9.48
201904,4,焕驰,4626,悦达起亚,6.49 - 6.89
201904,5,Polo,4421,上汽大众,9.09 - 12.49
201904,6,瑞纳,4046,北京现代,0.00 - 0.00
201904,7,宝骏310,3231,上汽通用五菱,4.09 - 5.29
201904,8,悦纳,2530,北京现代,7.28 - 9.68
201904,9,威驰FS,2135,一汽丰田,7.18 - 9.28
201904,10,YARiS L 致炫,1682,广汽丰田,8.58 - 10.38
201904,11,KX CROSS,1358,悦达起亚,0.00 - 0.00
201904,12,名爵3,1155,上汽集团,0.00 - 0.00
201904,13,悦翔,1003,长安汽车,5.19 - 6.79
201904,14,奇瑞E3,932,奇瑞汽车,0.00 - 0.00
201904,15,YARiS L 致享,922,广汽丰田,8.78 - 9.38
201904,16,江淮iEV,889,江淮汽车,9.45 - 9.45
201904,17,和悦A30,135,江淮汽车,0.00 - 0.00
201904,18,绅宝D20,100,北京汽车,0.00 - 0.00
201904,19,起亚K2,61,悦达起亚,0.00 - 0.00
201904,20,风云2,30,奇瑞汽车,0.00 - 0.00
201904,21,传祺GA3S PHEV,5,广汽埃安,16.48 - 17.48
201904,22,江铃E160,1,江铃集团新能源,0.00 - 0.00
201904,23,乐风RV,1,上汽通用雪佛兰,7.49 - 9.99
201905,1,飞度,14506,广汽本田,8.18 - 10.88
201905,2,赛欧,8012,上汽通用雪佛兰,6.29 - 7.99
201905,3,威驰,7956,一汽丰田,7.38 - 9.48
201905,4,YARiS L 致炫,7552,广汽丰田,8.58 - 10.38
201905,5,Polo,6028,上汽大众,9.09 - 12.49
201905,6,YARiS L 致享,5537,广汽丰田,8.78 - 9.38
201905,7,焕驰,4528,悦达起亚,6.49 - 6.89
201905,8,瑞纳,3260,北京现代,0.00 - 0.00
201905,9,悦纳,2663,北京现代,7.28 - 9.68
201905,10,宝骏310,2349,上汽通用五菱,4.09 - 5.29
201905,11,威驰FS,1849,一汽丰田,7.18 - 9.28
201905,12,名爵3,1827,上汽集团,0.00 - 0.00
201905,13,凯翼C3R,1701,凯翼汽车,0.00 - 0.00
201905,14,悦翔,1455,长安汽车,5.19 - 6.79
201905,15,江淮iEV,1105,江淮汽车,9.45 - 9.45
201905,16,KX CROSS,1070,悦达起亚,0.00 - 0.00
201905,17,奇瑞E3,679,奇瑞汽车,0.00 - 0.00
201905,18,风云2,20,奇瑞汽车,0.00 - 0.00
201905,19,起亚K2,9,悦达起亚,0.00 - 0.00
201905,20,雨燕,1,长安铃木,0.00 - 0.00
201905,21,骊威,1,东风日产,0.00 - 0.00
201906,1,飞度,15601,广汽本田,8.18 - 10.88
201906,2,赛欧,9291,上汽通用雪佛兰,6.29 - 7.99
201906,3,YARiS L 致炫,6838,广汽丰田,8.58 - 10.38
201906,4,威驰,6474,一汽丰田,7.38 - 9.48
201906,5,焕驰,6231,悦达起亚,6.49 - 6.89
201906,6,瑞纳,4840,北京现代,0.00 - 0.00
201906,7,YARiS L 致享,4785,广汽丰田,8.78 - 9.38
201906,8,江淮iEV,4674,江淮汽车,9.45 - 9.45
201906,9,Polo,4312,上汽大众,9.09 - 12.49
201906,10,宝骏310,3289,上汽通用五菱,4.09 - 5.29
201906,11,名爵3,2869,上汽集团,0.00 - 0.00
201906,12,威驰FS,2164,一汽丰田,7.18 - 9.28
201906,13,KX CROSS,2092,悦达起亚,0.00 - 0.00
201906,14,悦纳,1554,北京现代,7.28 - 9.68
201906,15,悦翔,1458,长安汽车,5.19 - 6.79
201906,16,奇瑞E3,991,奇瑞汽车,0.00 - 0.00
201906,17,起亚K2,151,悦达起亚,0.00 - 0.00
201906,18,绅宝D20,10,北京汽车,0.00 - 0.00
201906,19,传祺GA3S PHEV,3,广汽埃安,16.48 - 17.48
201906,20,雨燕,2,长安铃木,0.00 - 0.00
201907,1,赛欧,9719,上汽通用雪佛兰,6.29 - 7.99
201907,2,YARiS L 致炫,6545,广汽丰田,8.58 - 10.38
201907,3,焕驰,6231,悦达起亚,6.49 - 6.89
201907,4,飞度,5180,广汽本田,8.18 - 10.88
201907,5,威驰,4952,一汽丰田,7.38 - 9.48
201907,6,Polo,4909,上汽大众,9.09 - 12.49
201907,7,瑞纳,4720,北京现代,0.00 - 0.00
201907,8,YARiS L 致享,4062,广汽丰田,8.78 - 9.38
201907,9,宝骏310,3585,上汽通用五菱,4.09 - 5.29
201907,10,悦纳,1532,北京现代,7.28 - 9.68
201907,11,名爵3,1230,上汽集团,0.00 - 0.00
201907,12,威驰FS,1209,一汽丰田,7.18 - 9.28
201907,13,KX CROSS,1032,悦达起亚,0.00 - 0.00
201907,14,悦翔,945,长安汽车,5.19 - 6.79
201907,15,奇瑞E3,893,奇瑞汽车,0.00 - 0.00
201907,16,江淮iEV,216,江淮汽车,9.45 - 9.45
201907,17,起亚K2,151,悦达起亚,0.00 - 0.00
201907,18,风云2,120,奇瑞汽车,0.00 - 0.00
201907,19,长安CX20,0,长安汽车,0.00 - 0.00
201907,20,威志V5,0,天津一汽,0.00 - 0.00
201907,21,和悦A30,0,江淮汽车,0.00 - 0.00
201907,22,凯翼C3R,0,凯翼汽车,0.00 - 0.00
201907,23,乐风RV,0,上汽通用雪佛兰,7.49 - 9.99
201907,24,江铃E160,0,江铃集团新能源,0.00 - 0.00
201907,25,力帆330EV,0,力帆汽车,0.00 - 0.00
201907,26,雨燕,0,长安铃木,0.00 - 0.00
201907,27,绅宝D20,0,北京汽车,0.00 - 0.00
201907,28,传祺GA3S PHEV,0,广汽埃安,16.48 - 17.48
201907,29,骊威,0,东风日产,0.00 - 0.00
201907,30,晶锐,0,上汽大众斯柯达,0.00 - 0.00
201907,31,威志V2,0,天津一汽,0.00 - 0.00
201908,1,赛欧,10259,上汽通用雪佛兰,6.29 - 7.99
201908,2,焕驰,6954,悦达起亚,6.49 - 6.89
201908,3,Polo,5482,上汽大众,9.09 - 12.49
201908,4,瑞纳,4968,北京现代,0.00 - 0.00
201908,5,飞度,4649,广汽本田,8.18 - 10.88
201908,6,威驰,4613,一汽丰田,7.38 - 9.48
201908,7,YARiS L 致炫,4469,广汽丰田,8.58 - 10.38
201908,8,宝骏310,3098,上汽通用五菱,4.09 - 5.29
201908,9,YARiS L 致享,2911,广汽丰田,8.78 - 9.38
201908,10,悦翔,2540,长安汽车,5.19 - 6.79
201908,11,威驰FS,2062,一汽丰田,7.18 - 9.28
201908,12,KX CROSS,1690,悦达起亚,0.00 - 0.00
201908,13,名爵3,826,上汽集团,0.00 - 0.00
201908,14,奇瑞E3,781,奇瑞汽车,0.00 - 0.00
201908,15,悦纳,559,北京现代,7.28 - 9.68
201908,16,起亚K2,317,悦达起亚,0.00 - 0.00
201908,17,江淮iEV,58,江淮汽车,9.45 - 9.45
201908,18,风云2,15,奇瑞汽车,0.00 - 0.00
201908,19,传祺GA3S PHEV,1,广汽埃安,16.48 - 17.48
201908,20,凯翼C3R,0,凯翼汽车,0.00 - 0.00
201908,21,乐风RV,0,上汽通用雪佛兰,7.49 - 9.99
201908,22,江铃E160,0,江铃集团新能源,0.00 - 0.00
201908,23,力帆330EV,0,力帆汽车,0.00 - 0.00
201908,24,雨燕,0,长安铃木,0.00 - 0.00
201908,25,骊威,0,东风日产,0.00 - 0.00
201908,26,晶锐,0,上汽大众斯柯达,0.00 - 0.00
201908,27,威志V2,0,天津一汽,0.00 - 0.00
201908,28,长安CX20,0,长安汽车,0.00 - 0.00
201908,29,威志V5,0,天津一汽,0.00 - 0.00
201908,30,和悦A30,0,江淮汽车,0.00 - 0.00
201908,31,绅宝D20,0,北京汽车,0.00 - 0.00
201909,1,赛欧,10619,上汽通用雪佛兰,6.29 - 7.99
201909,2,焕驰,7350,悦达起亚,6.49 - 6.89
201909,3,YARiS L 致炫,6323,广汽丰田,8.58 - 10.38
201909,4,瑞纳,5812,北京现代,0.00 - 0.00
201909,5,飞度,5052,广汽本田,8.18 - 10.88
201909,6,Polo,4751,上汽大众,9.09 - 12.49
201909,7,YARiS L 致享,3675,广汽丰田,8.78 - 9.38
201909,8,威驰,3553,一汽丰田,7.38 - 9.48
201909,9,宝骏310,3529,上汽通用五菱,4.09 - 5.29
201909,10,威驰FS,1614,一汽丰田,7.18 - 9.28
201909,11,KX CROSS,1311,悦达起亚,0.00 - 0.00
201909,12,名爵3,1278,上汽集团,0.00 - 0.00
201909,13,奇瑞E3,1121,奇瑞汽车,0.00 - 0.00
201909,14,悦翔,1077,长安汽车,5.19 - 6.79
201909,15,风云2,495,奇瑞汽车,0.00 - 0.00
201909,16,悦纳,304,北京现代,7.28 - 9.68
201909,17,江淮iEV,142,江淮汽车,9.45 - 9.45
201909,18,威志V2,60,天津一汽,0.00 - 0.00
201909,19,起亚K2,59,悦达起亚,0.00 - 0.00
201909,20,绅宝D20,43,北京汽车,0.00 - 0.00
201909,21,雨燕,0,长安铃木,0.00 - 0.00
201909,22,骊威,0,东风日产,0.00 - 0.00
201909,23,晶锐,0,上汽大众斯柯达,0.00 - 0.00
201909,24,长安CX20,0,长安汽车,0.00 - 0.00
201909,25,威志V5,0,天津一汽,0.00 - 0.00
201909,26,和悦A30,0,江淮汽车,0.00 - 0.00
201909,27,凯翼C3R,0,凯翼汽车,0.00 - 0.00
201909,28,乐风RV,0,上汽通用雪佛兰,7.49 - 9.99
201909,29,传祺GA3S PHEV,0,广汽埃安,16.48 - 17.48
201909,30,江铃E160,0,江铃集团新能源,0.00 - 0.00
201909,31,力帆330EV,0,力帆汽车,0.00 - 0.00
201910,1,YARiS L 致炫,10084,广汽丰田,8.58 - 10.38
201910,2,赛欧,8537,上汽通用雪佛兰,6.29 - 7.99
201910,3,焕驰,5884,悦达起亚,6.49 - 6.89
201910,4,悦纳,5009,北京现代,7.28 - 9.68
201910,5,瑞纳,4824,北京现代,0.00 - 0.00
201910,6,Polo,4742,上汽大众,9.09 - 12.49
201910,7,飞度,4212,广汽本田,8.18 - 10.88
201910,8,威驰,3716,一汽丰田,7.38 - 9.48
201910,9,YARiS L 致享,3142,广汽丰田,8.78 - 9.38
201910,10,宝骏310,2724,上汽通用五菱,4.09 - 5.29
201910,11,悦翔,1727,长安汽车,5.19 - 6.79
201910,12,名爵3,1493,上汽集团,0.00 - 0.00
201910,13,威驰FS,1366,一汽丰田,7.18 - 9.28
201910,14,奇瑞E3,951,奇瑞汽车,0.00 - 0.00
201910,15,江淮iEV,89,江淮汽车,9.45 - 9.45
201910,16,KX CROSS,66,悦达起亚,0.00 - 0.00
201910,17,风云2,20,奇瑞汽车,0.00 - 0.00
201910,18,起亚K2,5,悦达起亚,0.00 - 0.00
201910,19,力帆330EV,2,力帆汽车,0.00 - 0.00
201910,20,雨燕,0,长安铃木,0.00 - 0.00
201910,21,骊威,0,东风日产,0.00 - 0.00
201910,22,晶锐,0,上汽大众斯柯达,0.00 - 0.00
201910,23,威志V2,0,天津一汽,0.00 - 0.00
201910,24,长安CX20,0,长安汽车,0.00 - 0.00
201910,25,威志V5,0,天津一汽,0.00 - 0.00
201910,26,和悦A30,0,江淮汽车,0.00 - 0.00
201910,27,绅宝D20,0,北京汽车,0.00 - 0.00
201910,28,凯翼C3R,0,凯翼汽车,0.00 - 0.00
201910,29,乐风RV,0,上汽通用雪佛兰,7.49 - 9.99
201910,30,传祺GA3S PHEV,0,广汽埃安,16.48 - 17.48
201910,31,江铃E160,0,江铃集团新能源,0.00 - 0.00
201911,1,Polo,8214,上汽大众,9.09 - 12.49
201911,2,YARiS L 致炫,7141,广汽丰田,8.58 - 10.38
201911,3,焕驰,6324,悦达起亚,6.49 - 6.89
201911,4,瑞纳,5682,北京现代,0.00 - 0.00
201911,5,赛欧,5211,上汽通用雪佛兰,6.29 - 7.99
201911,6,悦纳,4888,北京现代,7.28 - 9.68
201911,7,威驰,4194,一汽丰田,7.38 - 9.48
201911,8,飞度,4143,广汽本田,8.18 - 10.88
201911,9,YARiS L 致享,3825,广汽丰田,8.78 - 9.38
201911,10,宝骏310,2067,上汽通用五菱,4.09 - 5.29
201911,11,名爵3,1740,上汽集团,0.00 - 0.00
201911,12,威驰FS,1335,一汽丰田,7.18 - 9.28
201911,13,悦翔,1211,长安汽车,5.19 - 6.79
201911,14,奇瑞E3,1136,奇瑞汽车,0.00 - 0.00
201911,15,风云2,480,奇瑞汽车,0.00 - 0.00
201911,16,江淮iEV,402,江淮汽车,9.45 - 9.45
201911,17,绅宝D20,30,北京汽车,0.00 - 0.00
201911,18,KX CROSS,18,悦达起亚,0.00 - 0.00
201911,19,起亚K2,1,悦达起亚,0.00 - 0.00
201911,20,雨燕,0,长安铃木,0.00 - 0.00
201911,21,骊威,0,东风日产,0.00 - 0.00
201911,22,晶锐,0,上汽大众斯柯达,0.00 - 0.00
201911,23,威志V2,0,天津一汽,0.00 - 0.00
201911,24,长安CX20,0,长安汽车,0.00 - 0.00
201911,25,威志V5,0,天津一汽,0.00 - 0.00
201911,26,和悦A30,0,江淮汽车,0.00 - 0.00
201911,27,凯翼C3R,0,凯翼汽车,0.00 - 0.00
201911,28,乐风RV,0,上汽通用雪佛兰,7.49 - 9.99
201911,29,传祺GA3S PHEV,0,广汽埃安,16.48 - 17.48
201911,30,江铃E160,0,江铃集团新能源,0.00 - 0.00
201911,31,力帆330EV,0,力帆汽车,0.00 - 0.00
201912,1,焕驰,12865,悦达起亚,6.49 - 6.89
201912,2,悦纳,11300,北京现代,7.28 - 9.68
201912,3,YARiS L 致享,10166,广汽丰田,8.78 - 9.38
201912,4,YARiS L 致炫,7013,广汽丰田,8.58 - 10.38
201912,5,宝骏310,6488,上汽通用五菱,4.09 - 5.29
201912,6,瑞纳,6214,北京现代,0.00 - 0.00
201912,7,飞度,3622,广汽本田,8.18 - 10.88
201912,8,威驰,3049,一汽丰田,7.38 - 9.48
201912,9,奇瑞E3,2724,奇瑞汽车,0.00 - 0.00
201912,10,Polo,2490,上汽大众,9.09 - 12.49
201912,11,悦翔,1825,长安汽车,5.19 - 6.79
201912,12,威驰FS,1278,一汽丰田,7.18 - 9.28
201912,13,绅宝D20,1236,北京汽车,0.00 - 0.00
201912,14,名爵3,608,上汽集团,0.00 - 0.00
201912,15,赛欧,156,上汽通用雪佛兰,6.29 - 7.99
201912,16,江淮iEV,93,江淮汽车,9.45 - 9.45
201912,17,和悦A30,80,江淮汽车,0.00 - 0.00
201912,18,起亚K2,14,悦达起亚,0.00 - 0.00
201912,19,悦翔V3,0,长安汽车,4.39 - 5.29
201912,20,夏利N7,0,天津一汽,0.00 - 0.00
201912,21,乐风RV,0,上汽通用雪佛兰,7.49 - 9.99
201912,22,传祺GA3S PHEV,0,广汽埃安,16.48 - 17.48
201912,23,江铃E160,0,江铃集团新能源,0.00 - 0.00
201912,24,KX CROSS,0,悦达起亚,0.00 - 0.00
201912,25,力帆330EV,0,力帆汽车,0.00 - 0.00
201912,26,长安CX20,0,长安汽车,0.00 - 0.00
201912,27,凯翼C3R,0,凯翼汽车,0.00 - 0.00
201912,28,金刚,0,吉利汽车,0.00 - 0.00
201912,29,雨燕,0,长安铃木,0.00 - 0.00
201912,30,风云2,0,奇瑞汽车,0.00 - 0.00
201912,31,骊威,0,东风日产,0.00 - 0.00
201912,32,晶锐,0,上汽大众斯柯达,0.00 - 0.00
201912,33,夏利N5,0,天津一汽,0.00 - 0.00
201912,34,威志V2,0,天津一汽,0.00 - 0.00
201912,35,威志V5,0,天津一汽,0.00 - 0.00
202001,1,YARiS L 致炫,8547,广汽丰田,8.58 - 10.38
202001,2,威驰,5141,一汽丰田,7.38 - 9.48
202001,3,焕驰,5113,悦达起亚,6.49 - 6.89
202001,4,瑞纳,4094,北京现代,0.00 - 0.00
202001,5,宝骏310,3699,上汽通用五菱,4.09 - 5.29
202001,6,飞度,3204,广汽本田,8.18 - 10.88
202001,7,悦纳,2413,北京现代,7.28 - 9.68
202001,8,YARiS L 致享,2295,广汽丰田,8.78 - 9.38
202001,9,威驰FS,2159,一汽丰田,7.18 - 9.28
202001,10,Polo,1809,上汽大众,9.09 - 12.49
202001,11,赛欧,1576,上汽通用雪佛兰,6.29 - 7.99
202001,12,悦翔,1005,长安汽车,5.19 - 6.79
202001,13,名爵3,1003,上汽集团,0.00 - 0.00
202001,14,奇瑞E3,658,奇瑞汽车,0.00 - 0.00
202001,15,起亚K2,490,悦达起亚,0.00 - 0.00
202001,16,江淮iEV,210,江淮汽车,9.45 - 9.45
202001,17,KX CROSS,181,悦达起亚,0.00 - 0.00
202001,18,和悦A30,125,江淮汽车,0.00 - 0.00
202001,19,力帆530,0,力帆汽车,0.00 - 0.00
202001,20,乐风RV,0,上汽通用雪佛兰,7.49 - 9.99
202001,21,传祺GA3S PHEV,0,广汽埃安,16.48 - 17.48
202001,22,江铃E160,0,江铃集团新能源,0.00 - 0.00
202001,23,力帆330EV,0,力帆汽车,0.00 - 0.00
202001,24,金刚,0,吉利汽车,0.00 - 0.00
202001,25,风云2,0,奇瑞汽车,0.00 - 0.00
202001,26,长安CX20,0,长安汽车,0.00 - 0.00
202001,27,悦翔V3,0,长安汽车,4.39 - 5.29
202001,28,绅宝D20,0,北京汽车,0.00 - 0.00
202001,29,凯翼C3R,0,凯翼汽车,0.00 - 0.00
202001,30,雨燕,0,长安铃木,0.00 - 0.00
202001,31,骊威,0,东风日产,0.00 - 0.00
202001,32,晶锐,0,上汽大众斯柯达,0.00 - 0.00
202001,33,夏利N5,0,天津一汽,0.00 - 0.00
202001,34,威志V2,0,天津一汽,0.00 - 0.00
202001,35,威志V5,0,天津一汽,0.00 - 0.00
202001,36,夏利N7,0,天津一汽,0.00 - 0.00
202002,1,赛欧,1732,上汽通用雪佛兰,6.29 - 7.99
202002,2,焕驰,1393,悦达起亚,6.49 - 6.89
202002,3,YARiS L 致炫,1132,广汽丰田,8.58 - 10.38
202002,4,瑞纳,778,北京现代,0.00 - 0.00
202002,5,威驰,563,一汽丰田,7.38 - 9.48
202002,6,悦翔,519,长安汽车,5.19 - 6.79
202002,7,YARiS L 致享,447,广汽丰田,8.78 - 9.38
202002,8,Polo,308,上汽大众,9.09 - 12.49
202002,9,飞度,248,广汽本田,8.18 - 10.88
202002,10,名爵3,224,上汽集团,0.00 - 0.00
202002,11,威驰FS,184,一汽丰田,7.18 - 9.28
202002,12,奇瑞E3,166,奇瑞汽车,0.00 - 0.00
202002,13,宝骏310,162,上汽通用五菱,4.09 - 5.29
202002,14,和悦A30,31,江淮汽车,0.00 - 0.00
202002,15,悦纳,28,北京现代,7.28 - 9.68
202002,16,江淮iEV,12,江淮汽车,9.45 - 9.45
202002,17,力帆530,0,力帆汽车,0.00 - 0.00
202002,18,乐风RV,0,上汽通用雪佛兰,7.49 - 9.99
202002,19,传祺GA3S PHEV,0,广汽埃安,16.48 - 17.48
202002,20,江铃E160,0,江铃集团新能源,0.00 - 0.00
202002,21,KX CROSS,0,悦达起亚,0.00 - 0.00
202002,22,力帆330EV,0,力帆汽车,0.00 - 0.00
202002,23,金刚,0,吉利汽车,0.00 - 0.00
202002,24,风云2,0,奇瑞汽车,0.00 - 0.00
202002,25,长安CX20,0,长安汽车,0.00 - 0.00
202002,26,悦翔V3,0,长安汽车,4.39 - 5.29
202002,27,绅宝D20,0,北京汽车,0.00 - 0.00
202002,28,凯翼C3R,0,凯翼汽车,0.00 - 0.00
202002,29,雨燕,0,长安铃木,0.00 - 0.00
202002,30,骊威,0,东风日产,0.00 - 0.00
202002,31,晶锐,0,上汽大众斯柯达,0.00 - 0.00
202002,32,夏利N5,0,天津一汽,0.00 - 0.00
202002,33,威志V2,0,天津一汽,0.00 - 0.00
202002,34,起亚K2,0,悦达起亚,0.00 - 0.00
202002,35,威志V5,0,天津一汽,0.00 - 0.00
202002,36,夏利N7,0,天津一汽,0.00 - 0.00
202003,1,YARiS L 致炫,7002,广汽丰田,8.58 - 10.38
202003,2,焕驰,6488,悦达起亚,6.49 - 6.89
202003,3,威驰,3240,一汽丰田,7.38 - 9.48
202003,4,赛欧,3000,上汽通用雪佛兰,6.29 - 7.99
202003,5,悦纳,2995,北京现代,7.28 - 9.68
202003,6,瑞纳,2995,北京现代,0.00 - 0.00
202003,7,飞度,2976,广汽本田,8.18 - 10.88
202003,8,YARiS L 致享,2675,广汽丰田,8.78 - 9.38
202003,9,Polo,1966,上汽大众,9.09 - 12.49
202003,10,宝骏310,1769,上汽通用五菱,4.09 - 5.29
202003,11,威驰FS,1442,一汽丰田,7.18 - 9.28
202003,12,名爵3,1138,上汽集团,0.00 - 0.00
202003,13,奇瑞E3,846,奇瑞汽车,0.00 - 0.00
202003,14,悦翔,798,长安汽车,5.19 - 6.79
202003,15,江淮iEV,182,江淮汽车,9.45 - 9.45
202003,16,和悦A30,167,江淮汽车,0.00 - 0.00
202003,17,KX CROSS,49,悦达起亚,0.00 - 0.00
202003,18,起亚K2,31,悦达起亚,0.00 - 0.00
202003,19,绅宝D20,12,北京汽车,0.00 - 0.00
202003,20,力帆330EV,2,力帆汽车,0.00 - 0.00
202003,21,力帆530,0,力帆汽车,0.00 - 0.00
202003,22,乐风RV,0,上汽通用雪佛兰,7.49 - 9.99
202003,23,传祺GA3S PHEV,0,广汽埃安,16.48 - 17.48
202003,24,江铃E160,0,江铃集团新能源,0.00 - 0.00
202003,25,金刚,0,吉利汽车,0.00 - 0.00
202003,26,风云2,0,奇瑞汽车,0.00 - 0.00
202003,27,长安CX20,0,长安汽车,0.00 - 0.00
202003,28,悦翔V3,0,长安汽车,4.39 - 5.29
202003,29,凯翼C3R,0,凯翼汽车,0.00 - 0.00
202003,30,雨燕,0,长安铃木,0.00 - 0.00
202003,31,骊威,0,东风日产,0.00 - 0.00
202003,32,晶锐,0,上汽大众斯柯达,0.00 - 0.00
202003,33,夏利N5,0,天津一汽,0.00 - 0.00
202003,34,威志V2,0,天津一汽,0.00 - 0.00
202003,35,威志V5,0,天津一汽,0.00 - 0.00
202003,36,夏利N7,0,天津一汽,0.00 - 0.00
202004,1,YARiS L 致炫,7488,广汽丰田,8.58 - 10.38
202004,2,飞度,5828,广汽本田,8.18 - 10.88
202004,3,威驰,5739,一汽丰田,7.38 - 9.48
202004,4,焕驰,3971,悦达起亚,6.49 - 6.89
202004,5,赛欧,3644,上汽通用雪佛兰,6.29 - 7.99
202004,6,YARiS L 致享,3557,广汽丰田,8.78 - 9.38
202004,7,瑞纳,2695,北京现代,0.00 - 0.00
202004,8,威驰FS,2545,一汽丰田,7.18 - 9.28
202004,9,Polo,2207,上汽大众,9.09 - 12.49
202004,10,宝骏310,2136,上汽通用五菱,4.09 - 5.29
202004,11,名爵3,1454,上汽集团,0.00 - 0.00
202004,12,风云2,480,奇瑞汽车,0.00 - 0.00
202004,13,奇瑞E3,346,奇瑞汽车,0.00 - 0.00
202004,14,江淮iEV,306,江淮汽车,9.45 - 9.45
202004,15,和悦A30,62,江淮汽车,0.00 - 0.00
202004,16,KX CROSS,55,悦达起亚,0.00 - 0.00
202004,17,起亚K2,34,悦达起亚,0.00 - 0.00
202004,18,悦翔,20,长安汽车,5.19 - 6.79
202004,19,力帆330EV,2,力帆汽车,0.00 - 0.00
202004,20,雨燕,0,长安铃木,0.00 - 0.00
202004,21,骊威,0,东风日产,0.00 - 0.00
202004,22,晶锐,0,上汽大众斯柯达,0.00 - 0.00
202004,23,夏利N5,0,天津一汽,0.00 - 0.00
202004,24,威志V2,0,天津一汽,0.00 - 0.00
202004,25,威志V5,0,天津一汽,0.00 - 0.00
202004,26,夏利N7,0,天津一汽,0.00 - 0.00
202004,27,力帆530,0,力帆汽车,0.00 - 0.00
202004,28,乐风RV,0,上汽通用雪佛兰,7.49 - 9.99
202004,29,悦纳,0,北京现代,7.28 - 9.68
202004,30,传祺GA3S PHEV,0,广汽埃安,16.48 - 17.48
202004,31,江铃E160,0,江铃集团新能源,0.00 - 0.00
202005,1,YARiS L 致炫,7405,广汽丰田,8.58 - 10.38
202005,2,威驰,4810,一汽丰田,7.38 - 9.48
202005,3,Polo,4720,上汽大众,9.09 - 12.49
202005,4,飞度,4687,广汽本田,8.18 - 10.88
202005,5,瑞纳,3791,北京现代,0.00 - 0.00
202005,6,YARiS L 致享,2999,广汽丰田,8.78 - 9.38
202005,7,威驰FS,2190,一汽丰田,7.18 - 9.28
202005,8,赛欧,2142,上汽通用雪佛兰,6.29 - 7.99
202005,9,宝骏310,1729,上汽通用五菱,4.09 - 5.29
202005,10,焕驰,1718,悦达起亚,6.49 - 6.89
202005,11,名爵3,1660,上汽集团,0.00 - 0.00
202005,12,风云2,240,奇瑞汽车,0.00 - 0.00
202005,13,奇瑞E3,198,奇瑞汽车,0.00 - 0.00
202005,14,江淮iEV,84,江淮汽车,9.45 - 9.45
202005,15,悦翔,32,长安汽车,5.19 - 6.79
202005,16,起亚K2,18,悦达起亚,0.00 - 0.00
202005,17,和悦A30,10,江淮汽车,0.00 - 0.00
202005,18,KX CROSS,1,悦达起亚,0.00 - 0.00
202005,19,力帆530,0,力帆汽车,0.00 - 0.00
202005,20,绅宝D20,0,北京汽车,0.00 - 0.00
202005,21,乐风RV,0,上汽通用雪佛兰,7.49 - 9.99
202005,22,悦纳,0,北京现代,7.28 - 9.68
202005,23,传祺GA3S PHEV,0,广汽埃安,16.48 - 17.48
202005,24,江铃E160,0,江铃集团新能源,0.00 - 0.00
202005,25,力帆330EV,0,力帆汽车,0.00 - 0.00
202005,26,金刚,0,吉利汽车,0.00 - 0.00
202005,27,长安CX20,0,长安汽车,0.00 - 0.00
202005,28,悦翔V3,0,长安汽车,4.39 - 5.29
202005,29,凯翼C3R,0,凯翼汽车,0.00 - 0.00
202005,30,雨燕,0,长安铃木,0.00 - 0.00
202005,31,骊威,0,东风日产,0.00 - 0.00
202005,32,晶锐,0,上汽大众斯柯达,0.00 - 0.00
202005,33,夏利N5,0,天津一汽,0.00 - 0.00
202005,34,威志V2,0,天津一汽,0.00 - 0.00
202005,35,威志V5,0,天津一汽,0.00 - 0.00
202005,36,夏利N7,0,天津一汽,0.00 - 0.00
202006,1,YARiS L 致炫,8656,广汽丰田,8.58 - 10.38
202006,2,威驰,5259,一汽丰田,7.38 - 9.48
202006,3,瑞纳,5082,北京现代,0.00 - 0.00
202006,4,Polo,4346,上汽大众,9.09 - 12.49
202006,5,YARiS L 致享,2969,广汽丰田,8.78 - 9.38
202006,6,赛欧,2696,上汽通用雪佛兰,6.29 - 7.99
202006,7,威驰FS,1881,一汽丰田,7.18 - 9.28
202006,8,宝骏310,1692,上汽通用五菱,4.09 - 5.29
202006,9,悦翔,1659,长安汽车,5.19 - 6.79
202006,10,焕驰,1119,悦达起亚,6.49 - 6.89
202006,11,名爵3,1107,上汽集团,0.00 - 0.00
202006,12,起亚K2,920,悦达起亚,0.00 - 0.00
202006,13,和悦A30,517,江淮汽车,0.00 - 0.00
202006,14,风云2,480,奇瑞汽车,0.00 - 0.00
202006,15,奇瑞E3,230,奇瑞汽车,0.00 - 0.00
202006,16,江淮iEV,59,江淮汽车,9.45 - 9.45
202006,17,飞度,5,广汽本田,8.18 - 10.88
202006,18,雨燕,0,长安铃木,0.00 - 0.00
202006,19,骊威,0,东风日产,0.00 - 0.00
202006,20,晶锐,0,上汽大众斯柯达,0.00 - 0.00
202006,21,夏利N5,0,天津一汽,0.00 - 0.00
202006,22,威志V2,0,天津一汽,0.00 - 0.00
202006,23,威志V5,0,天津一汽,0.00 - 0.00
202006,24,夏利N7,0,天津一汽,0.00 - 0.00
202006,25,力帆530,0,力帆汽车,0.00 - 0.00
202006,26,绅宝D20,0,北京汽车,0.00 - 0.00
202006,27,乐风RV,0,上汽通用雪佛兰,7.49 - 9.99
202006,28,悦纳,0,北京现代,7.28 - 9.68
202006,29,传祺GA3S PHEV,0,广汽埃安,16.48 - 17.48
202006,30,江铃E160,0,江铃集团新能源,0.00 - 0.00
202006,31,KX CROSS,0,悦达起亚,0.00 - 0.00
202006,32,力帆330EV,0,力帆汽车,0.00 - 0.00
202006,33,金刚,0,吉利汽车,0.00 - 0.00
202006,34,长安CX20,0,长安汽车,0.00 - 0.00
202006,35,悦翔V3,0,长安汽车,4.39 - 5.29
202006,36,凯翼C3R,0,凯翼汽车,0.00 - 0.00
202007,1,YARiS L 致炫,9617,广汽丰田,8.58 - 10.38
202007,2,威驰,5243,一汽丰田,7.38 - 9.48
202007,3,瑞纳,3876,北京现代,0.00 - 0.00
202007,4,Polo,3459,上汽大众,9.09 - 12.49
202007,5,YARiS L 致享,2701,广汽丰田,8.78 - 9.38
202007,6,悦翔,2511,长安汽车,5.19 - 6.79
202007,7,悦纳,2092,北京现代,7.28 - 9.68
202007,8,威驰FS,1777,一汽丰田,7.18 - 9.28
202007,9,宝骏310,1584,上汽通用五菱,4.09 - 5.29
202007,10,焕驰,1451,悦达起亚,6.49 - 6.89
202007,11,名爵3,699,上汽集团,0.00 - 0.00
202007,12,奇瑞E3,359,奇瑞汽车,0.00 - 0.00
202007,13,中华H220,336,华晨中华,0.00 - 0.00
202007,14,江淮iEV,175,江淮汽车,9.45 - 9.45
202007,15,飞度,2,广汽本田,8.18 - 10.88
202007,16,凯翼C3,0,凯翼汽车,0.00 - 0.00
202007,17,雨燕,0,长安铃木,0.00 - 0.00
202007,18,凯翼C3R,0,凯翼汽车,0.00 - 0.00
202007,19,风云2,0,奇瑞汽车,0.00 - 0.00
202007,20,长安CX20,0,长安汽车,0.00 - 0.00
202007,21,骊威,0,东风日产,0.00 - 0.00
202007,22,晶锐,0,上汽大众斯柯达,0.00 - 0.00
202007,23,夏利N5,0,天津一汽,0.00 - 0.00
202007,24,赛欧,0,上汽通用雪佛兰,6.29 - 7.99
202007,25,威志V2,0,天津一汽,0.00 - 0.00
202007,26,起亚K2,0,悦达起亚,0.00 - 0.00
202007,27,威志V5,0,天津一汽,0.00 - 0.00
202007,28,夏利N7,0,天津一汽,0.00 - 0.00
202007,29,和悦A30,0,江淮汽车,0.00 - 0.00
202007,30,力帆530,0,力帆汽车,0.00 - 0.00
202007,31,绅宝D20,0,北京汽车,0.00 - 0.00
202007,32,乐风RV,0,上汽通用雪佛兰,7.49 - 9.99
202007,33,传祺GA3S PHEV,0,广汽埃安,16.48 - 17.48
202007,34,江铃E160,0,江铃集团新能源,0.00 - 0.00
202007,35,KX CROSS,0,悦达起亚,0.00 - 0.00
202007,36,力帆330EV,0,力帆汽车,0.00 - 0.00
202007,37,金刚,0,吉利汽车,0.00 - 0.00
202007,38,悦翔V3,0,长安汽车,4.39 - 5.29
202007,39,欧力威,0,长安汽车,0.00 - 0.00
202008,1,YARiS L 致炫,6594,广汽丰田,8.58 - 10.38
202008,2,Polo,5180,上汽大众,9.09 - 12.49
202008,3,威驰,4051,一汽丰田,7.38 - 9.48
202008,4,YARiS L 致享,2697,广汽丰田,8.78 - 9.38
202008,5,飞度,2378,广汽本田,8.18 - 10.88
202008,6,瑞纳,2236,北京现代,0.00 - 0.00
202008,7,悦纳,1651,北京现代,7.28 - 9.68
202008,8,名爵3,1607,上汽集团,0.00 - 0.00
202008,9,焕驰,1493,悦达起亚,6.49 - 6.89
202008,10,宝骏310,1305,上汽通用五菱,4.09 - 5.29
202008,11,威驰FS,1267,一汽丰田,7.18 - 9.28
202008,12,悦翔,1017,长安汽车,5.19 - 6.79
202008,13,赛欧,1005,上汽通用雪佛兰,6.29 - 7.99
202008,14,奇瑞E3,472,奇瑞汽车,0.00 - 0.00
202008,15,绅宝D20,250,北京汽车,0.00 - 0.00
202008,16,风云2,240,奇瑞汽车,0.00 - 0.00
202008,17,和悦A30,39,江淮汽车,0.00 - 0.00
202008,18,江淮iEV,20,江淮汽车,9.45 - 9.45
202008,19,力帆530,0,力帆汽车,0.00 - 0.00
202008,20,中华H220,0,华晨中华,0.00 - 0.00
202008,21,乐风RV,0,上汽通用雪佛兰,7.49 - 9.99
202008,22,传祺GA3S PHEV,0,广汽埃安,16.48 - 17.48
202008,23,江铃E160,0,江铃集团新能源,0.00 - 0.00
202008,24,KX CROSS,0,悦达起亚,0.00 - 0.00
202008,25,力帆330EV,0,力帆汽车,0.00 - 0.00
202008,26,金刚,0,吉利汽车,0.00 - 0.00
202008,27,长安CX20,0,长安汽车,0.00 - 0.00
202008,28,悦翔V3,0,长安汽车,4.39 - 5.29
202008,29,雨燕,0,长安铃木,0.00 - 0.00
202008,30,凯翼C3R,0,凯翼汽车,0.00 - 0.00
202008,31,欧力威,0,长安汽车,0.00 - 0.00
202008,32,骊威,0,东风日产,0.00 - 0.00
202008,33,凯翼C3,0,凯翼汽车,0.00 - 0.00
202008,34,晶锐,0,上汽大众斯柯达,0.00 - 0.00
202008,35,欧力威EV,0,长安汽车,0.00 - 0.00
202008,36,夏利N5,0,天津一汽,0.00 - 0.00
202008,37,全界Q1,0,云雀汽车,6.98 - 7.58
202008,38,威志V2,0,天津一汽,0.00 - 0.00
202008,39,起亚K2,0,悦达起亚,0.00 - 0.00
202008,40,威志V5,0,天津一汽,0.00 - 0.00
202008,41,夏利N7,0,天津一汽,0.00 - 0.00
202009,1,飞度,12638,广汽本田,8.18 - 10.88
202009,2,YARiS L 致炫,8547,广汽丰田,8.58 - 10.38
202009,3,Polo,5828,上汽大众,9.09 - 12.49
202009,4,威驰,5717,一汽丰田,7.38 - 9.48
202009,5,悦翔,3931,长安汽车,5.19 - 6.79
202009,6,悦纳,2910,北京现代,7.28 - 9.68
202009,7,焕驰,2665,悦达起亚,6.49 - 6.89
202009,8,宝骏310,2102,上汽通用五菱,4.09 - 5.29
202009,9,YARiS L 致享,2061,广汽丰田,8.78 - 9.38
202009,10,威驰FS,1745,一汽丰田,7.18 - 9.28
202009,11,赛欧,997,上汽通用雪佛兰,6.29 - 7.99
202009,12,和悦A30,559,江淮汽车,0.00 - 0.00
202009,13,名爵3,542,上汽集团,0.00 - 0.00
202009,14,奇瑞E3,411,奇瑞汽车,0.00 - 0.00
202009,15,瑞纳,98,北京现代,0.00 - 0.00
202009,16,江淮iEV,60,江淮汽车,9.45 - 9.45
202009,17,力帆530,0,力帆汽车,0.00 - 0.00
202009,18,中华H220,0,华晨中华,0.00 - 0.00
202009,19,绅宝D20,0,北京汽车,0.00 - 0.00
202009,20,乐风RV,0,上汽通用雪佛兰,7.49 - 9.99
202009,21,传祺GA3S PHEV,0,广汽埃安,16.48 - 17.48
202009,22,江铃E160,0,江铃集团新能源,0.00 - 0.00
202009,23,KX CROSS,0,悦达起亚,0.00 - 0.00
202009,24,力帆330EV,0,力帆汽车,0.00 - 0.00
202009,25,雨燕,0,长安铃木,0.00 - 0.00
202009,26,风云2,0,奇瑞汽车,0.00 - 0.00
202009,27,骊威,0,东风日产,0.00 - 0.00
202009,28,晶锐,0,上汽大众斯柯达,0.00 - 0.00
202009,29,夏利N5,0,天津一汽,0.00 - 0.00
202009,30,威志V2,0,天津一汽,0.00 - 0.00
202009,31,起亚K2,0,悦达起亚,0.00 - 0.00
202009,32,威志V5,0,天津一汽,0.00 - 0.00
202009,33,夏利N7,0,天津一汽,0.00 - 0.00
202010,1,飞度,11662,广汽本田,8.18 - 10.88
202010,2,YARiS L 致炫,8480,广汽丰田,8.58 - 10.38
202010,3,瑞纳,5903,北京现代,0.00 - 0.00
202010,4,Polo,5150,上汽大众,9.09 - 12.49
202010,5,威驰,4494,一汽丰田,7.38 - 9.48
202010,6,焕驰,3783,悦达起亚,6.49 - 6.89
202010,7,悦纳,3201,北京现代,7.28 - 9.68
202010,8,赛欧,3000,上汽通用雪佛兰,6.29 - 7.99
202010,9,威驰FS,2360,一汽丰田,7.18 - 9.28
202010,10,宝骏310,2047,上汽通用五菱,4.09 - 5.29
202010,11,名爵3,1690,上汽集团,0.00 - 0.00
202010,12,悦翔,1482,长安汽车,5.19 - 6.79
202010,13,YARiS L 致享,890,广汽丰田,8.78 - 9.38
202010,14,奇瑞E3,534,奇瑞汽车,0.00 - 0.00
202010,15,和悦A30,506,江淮汽车,0.00 - 0.00
202010,16,江淮iEV,32,江淮汽车,9.45 - 9.45
202010,17,绅宝D20,14,北京汽车,0.00 - 0.00
202010,18,中华H220,0,华晨中华,0.00 - 0.00
202010,19,乐风RV,0,上汽通用雪佛兰,7.49 - 9.99
202010,20,传祺GA3S PHEV,0,广汽埃安,16.48 - 17.48
202010,21,江铃E160,0,江铃集团新能源,0.00 - 0.00
202010,22,KX CROSS,0,悦达起亚,0.00 - 0.00
202010,23,力帆330EV,0,力帆汽车,0.00 - 0.00
202010,24,雨燕,0,长安铃木,0.00 - 0.00
202010,25,风云2,0,奇瑞汽车,0.00 - 0.00
202010,26,骊威,0,东风日产,0.00 - 0.00
202010,27,晶锐,0,上汽大众斯柯达,0.00 - 0.00
202010,28,夏利N5,0,天津一汽,0.00 - 0.00
202010,29,威志V2,0,天津一汽,0.00 - 0.00
202010,30,起亚K2,0,悦达起亚,0.00 - 0.00
202010,31,威志V5,0,天津一汽,0.00 - 0.00
202010,32,夏利N7,0,天津一汽,0.00 - 0.00
202010,33,力帆530,0,力帆汽车,0.00 - 0.00
202011,1,飞度,10825,广汽本田,8.18 - 10.88
202011,2,YARiS L 致炫,7888,广汽丰田,8.58 - 10.38
202011,3,Polo,5239,上汽大众,9.09 - 12.49
202011,4,威驰,5061,一汽丰田,7.38 - 9.48
202011,5,瑞纳,4506,北京现代,0.00 - 0.00
202011,6,悦纳,3823,北京现代,7.28 - 9.68
202011,7,威驰FS,2605,一汽丰田,7.18 - 9.28
202011,8,名爵3,2256,上汽集团,0.00 - 0.00
202011,9,宝骏310,2128,上汽通用五菱,4.09 - 5.29
202011,10,焕驰,1558,悦达起亚,6.49 - 6.89
202011,11,悦翔,1191,长安汽车,5.19 - 6.79
202011,12,赛欧,1000,上汽通用雪佛兰,6.29 - 7.99
202011,13,YARiS L 致享,967,广汽丰田,8.78 - 9.38
202011,14,奇瑞E3,504,奇瑞汽车,0.00 - 0.00
202011,15,和悦A30,480,江淮汽车,0.00 - 0.00
202011,16,LIFE,116,东风本田,9.78 - 11.28
202011,17,江淮iEV,76,江淮汽车,9.45 - 9.45
202011,18,中华H220,0,华晨中华,0.00 - 0.00
202011,19,绅宝D20,0,北京汽车,0.00 - 0.00
202011,20,乐风RV,0,上汽通用雪佛兰,7.49 - 9.99
202011,21,传祺GA3S PHEV,0,广汽埃安,16.48 - 17.48
202011,22,江铃E160,0,江铃集团新能源,0.00 - 0.00
202011,23,KX CROSS,0,悦达起亚,0.00 - 0.00
202011,24,力帆330EV,0,力帆汽车,0.00 - 0.00
202011,25,雨燕,0,长安铃木,0.00 - 0.00
202011,26,风云2,0,奇瑞汽车,0.00 - 0.00
202011,27,骊威,0,东风日产,0.00 - 0.00
202011,28,晶锐,0,上汽大众斯柯达,0.00 - 0.00
202011,29,夏利N5,0,天津一汽,0.00 - 0.00
202011,30,威志V2,0,天津一汽,0.00 - 0.00
202011,31,起亚K2,0,悦达起亚,0.00 - 0.00
202011,32,威志V5,0,天津一汽,0.00 - 0.00
202011,33,夏利N7,0,天津一汽,0.00 - 0.00
202011,34,力帆530,0,力帆汽车,0.00 - 0.00
202012,1,飞度,8159,广汽本田,8.18 - 10.88
202012,2,YARiS L 致炫,6944,广汽丰田,8.58 - 10.38
202012,3,焕驰,6125,悦达起亚,6.49 - 6.89
202012,4,LIFE,5997,东风本田,9.78 - 11.28
202012,5,Polo,4859,上汽大众,9.09 - 12.49
202012,6,威驰,4276,一汽丰田,7.38 - 9.48
202012,7,宝骏310,3560,上汽通用五菱,4.09 - 5.29
202012,8,悦纳,3086,北京现代,7.28 - 9.68
202012,9,名爵3,2766,上汽集团,0.00 - 0.00
202012,10,瑞纳,2291,北京现代,0.00 - 0.00
202012,11,悦翔,2209,长安汽车,5.19 - 6.79
202012,12,欧拉好猫,2016,长城新能源,10.58 - 13.58
202012,13,赛欧,2003,上汽通用雪佛兰,6.29 - 7.99
202012,14,威驰FS,1980,一汽丰田,7.18 - 9.28
202012,15,YARiS L 致享,1178,广汽丰田,8.78 - 9.38
202012,16,奇瑞E3,453,奇瑞汽车,0.00 - 0.00
202012,17,江淮iEV,191,江淮汽车,9.45 - 9.45
202012,18,零跑S01,43,零跑汽车,11.99 - 15.09
202012,19,传祺GA3S PHEV,0,广汽埃安,16.48 - 17.48
202012,20,江铃E160,0,江铃集团新能源,0.00 - 0.00
202012,21,KX CROSS,0,悦达起亚,0.00 - 0.00
202012,22,力帆330EV,0,力帆汽车,0.00 - 0.00
202012,23,雨燕,0,长安铃木,0.00 - 0.00
202012,24,风云2,0,奇瑞汽车,0.00 - 0.00
202012,25,骊威,0,东风日产,0.00 - 0.00
202012,26,晶锐,0,上汽大众斯柯达,0.00 - 0.00
202012,27,夏利N5,0,天津一汽,0.00 - 0.00
202012,28,威志V2,0,天津一汽,0.00 - 0.00
202012,29,起亚K2,0,悦达起亚,0.00 - 0.00
202012,30,威志V5,0,天津一汽,0.00 - 0.00
202012,31,夏利N7,0,天津一汽,0.00 - 0.00
202012,32,和悦A30,0,江淮汽车,0.00 - 0.00
202012,33,力帆530,0,力帆汽车,0.00 - 0.00
202012,34,中华H220,0,华晨中华,0.00 - 0.00
202012,35,绅宝D20,0,北京汽车,0.00 - 0.00
202012,36,乐风RV,0,上汽通用雪佛兰,7.49 - 9.99
202101,1,YARiS L 致炫,8862,广汽丰田,8.58 - 10.38
202101,2,悦翔,7127,长安汽车,5.19 - 6.79
202101,3,焕驰,5777,悦达起亚,6.49 - 6.89
202101,4,威驰,4633,一汽丰田,7.38 - 9.48
202101,5,飞度,4354,广汽本田,8.18 - 10.88
202101,6,LIFE,4189,东风本田,9.78 - 11.28
202101,7,Polo,3062,上汽大众,9.09 - 12.49
202101,8,悦纳,2480,北京现代,7.28 - 9.68
202101,9,欧拉好猫,2081,长城新能源,10.58 - 13.58
202101,10,赛欧,2000,上汽通用雪佛兰,6.29 - 7.99
202101,11,名爵3,1967,上汽集团,0.00 - 0.00
202101,12,威驰FS,1663,一汽丰田,7.18 - 9.28
202101,13,YARiS L 致享,1553,广汽丰田,8.78 - 9.38
202101,14,瑞纳,1491,北京现代,0.00 - 0.00
202101,15,和悦A30,480,江淮汽车,0.00 - 0.00
202101,16,宝骏310,268,上汽通用五菱,4.09 - 5.29
202101,17,零跑S01,31,零跑汽车,11.99 - 15.09
202101,18,江淮iEV,10,江淮汽车,9.45 - 9.45
202101,19,奇瑞E3,1,奇瑞汽车,0.00 - 0.00
202101,20,起亚K2,0,悦达起亚,0.00 - 0.00
202101,21,KX CROSS,0,悦达起亚,0.00 - 0.00
202101,22,雨燕,0,长安铃木,0.00 - 0.00
202101,23,风云2,0,奇瑞汽车,0.00 - 0.00
202101,24,骊威,0,东风日产,0.00 - 0.00
202101,25,晶锐,0,上汽大众斯柯达,0.00 - 0.00
202101,26,夏利N5,0,天津一汽,0.00 - 0.00
202101,27,威志V2,0,天津一汽,0.00 - 0.00
202101,28,威志V5,0,天津一汽,0.00 - 0.00
202101,29,夏利N7,0,天津一汽,0.00 - 0.00
202101,30,力帆530,0,力帆汽车,0.00 - 0.00
202101,31,中华H220,0,华晨中华,0.00 - 0.00
202101,32,绅宝D20,0,北京汽车,0.00 - 0.00
202101,33,乐风RV,0,上汽通用雪佛兰,7.49 - 9.99
202101,34,传祺GA3S PHEV,0,广汽埃安,16.48 - 17.48
202101,35,江铃E160,0,江铃集团新能源,0.00 - 0.00
202101,36,力帆330EV,0,力帆汽车,0.00 - 0.00
202102,1,YARiS L 致炫,7089,广汽丰田,8.58 - 10.38
202102,2,飞度,3494,广汽本田,8.18 - 10.88
202102,3,LIFE,3269,东风本田,9.78 - 11.28
202102,4,威驰,3165,一汽丰田,7.38 - 9.48
202102,5,赛欧,2700,上汽通用雪佛兰,6.29 - 7.99
202102,6,焕驰,2278,悦达起亚,6.49 - 6.89
202102,7,欧拉好猫,1534,长城新能源,10.58 - 13.58
202102,8,名爵3,1391,上汽集团,0.00 - 0.00
202102,9,威驰FS,1314,一汽丰田,7.18 - 9.28
202102,10,悦纳,1176,北京现代,7.28 - 9.68
202102,11,悦翔,1126,长安汽车,5.19 - 6.79
202102,12,YARiS L 致享,1090,广汽丰田,8.78 - 9.38
202102,13,瑞纳,1045,北京现代,0.00 - 0.00
202102,14,和悦A30,480,江淮汽车,0.00 - 0.00
202102,15,奇瑞E3,340,奇瑞汽车,0.00 - 0.00
202102,16,宝骏310,142,上汽通用五菱,4.09 - 5.29
202102,17,江淮iEV,38,江淮汽车,9.45 - 9.45
202102,18,Polo,34,上汽大众,9.09 - 12.49
202102,19,零跑S01,22,零跑汽车,11.99 - 15.09
202102,20,KX CROSS,0,悦达起亚,0.00 - 0.00
202102,21,风云2,0,奇瑞汽车,0.00 - 0.00
202102,22,起亚K2,0,悦达起亚,0.00 - 0.00
202102,23,中华H230,0,华晨中华,0.00 - 0.00
202103,1,YARiS L 致炫,8835,广汽丰田,8.58 - 10.38
202103,2,赛欧,5226,上汽通用雪佛兰,6.29 - 7.99
202103,3,威驰,4134,一汽丰田,7.38 - 9.48
202103,4,飞度,4005,广汽本田,8.18 - 10.88
202103,5,悦翔,3448,长安汽车,5.19 - 6.79
202103,6,焕驰,2428,悦达起亚,6.49 - 6.89
202103,7,欧拉好猫,2116,长城新能源,10.58 - 13.58
202103,8,威驰FS,1767,一汽丰田,7.18 - 9.28
202103,9,悦纳,1514,北京现代,7.28 - 9.68
202103,10,名爵3,1384,上汽集团,0.00 - 0.00
202103,11,YARiS L 致享,1298,广汽丰田,8.78 - 9.38
202103,12,瑞纳,1030,北京现代,0.00 - 0.00
202103,13,LIFE,861,东风本田,9.78 - 11.28
202103,14,Polo,704,上汽大众,9.09 - 12.49
202103,15,奇瑞E3,632,奇瑞汽车,0.00 - 0.00
202103,16,宝骏310,268,上汽通用五菱,4.09 - 5.29
202103,17,风云2,240,奇瑞汽车,0.00 - 0.00
202103,18,零跑S01,36,零跑汽车,11.99 - 15.09
202103,19,起亚K2,0,悦达起亚,0.00 - 0.00
202103,20,中华H230,0,华晨中华,0.00 - 0.00
202103,21,和悦A30,0,江淮汽车,0.00 - 0.00
202103,22,江淮iEV,0,江淮汽车,9.45 - 9.45
202103,23,绅宝D20,0,北京汽车,0.00 - 0.00
202103,24,KX CROSS,0,悦达起亚,0.00 - 0.00
202103,25,力帆330EV,0,力帆汽车,0.00 - 0.00
202104,1,YARiS L 致炫,9759,广汽丰田,8.58 - 10.38
202104,2,Polo,4313,上汽大众,9.09 - 12.49
202104,3,名爵3,3963,上汽集团,0.00 - 0.00
202104,4,威驰,3802,一汽丰田,7.38 - 9.48
202104,5,焕驰,2861,悦达起亚,6.49 - 6.89
202104,6,悦翔,2484,长安汽车,5.19 - 6.79
202104,7,飞度,2248,广汽本田,8.18 - 10.88
202104,8,赛欧,1840,上汽通用雪佛兰,6.29 - 7.99
202104,9,悦纳,1665,北京现代,7.28 - 9.68
202104,10,威驰FS,1604,一汽丰田,7.18 - 9.28
202104,11,YARiS L 致享,1413,广汽丰田,8.78 - 9.38
202104,12,欧拉好猫,1264,长城新能源,10.58 - 13.58
202104,13,瑞纳,774,北京现代,0.00 - 0.00
202104,14,宝骏310,545,上汽通用五菱,4.09 - 5.29
202104,15,奇瑞E3,485,奇瑞汽车,0.00 - 0.00
202104,16,LIFE,315,东风本田,9.78 - 11.28
202104,17,全界Q1,162,云雀汽车,6.98 - 7.58
202104,18,零跑S01,47,零跑汽车,11.99 - 15.09
202104,19,和悦A30,0,江淮汽车,0.00 - 0.00
202104,20,江淮iEV,0,江淮汽车,9.45 - 9.45
202104,21,绅宝D20,0,北京汽车,0.00 - 0.00
202104,22,KX CROSS,0,悦达起亚,0.00 - 0.00
202104,23,力帆330EV,0,力帆汽车,0.00 - 0.00
202104,24,风云2,0,奇瑞汽车,0.00 - 0.00
202104,25,起亚K2,0,悦达起亚,0.00 - 0.00
202104,26,中华H230,0,华晨中华,0.00 - 0.00
202105,1,飞度,8045,广汽本田,8.18 - 10.88
202105,2,YARiS L 致炫,6448,广汽丰田,8.58 - 10.38
202105,3,Polo,5800,上汽大众,9.09 - 12.49
202105,4,威驰,3999,一汽丰田,7.38 - 9.48
202105,5,赛欧,3795,上汽通用雪佛兰,6.29 - 7.99
202105,6,悦纳,2736,北京现代,7.28 - 9.68
202105,7,名爵3,2719,上汽集团,0.00 - 0.00
202105,8,悦翔,2647,长安汽车,5.19 - 6.79
202105,9,焕驰,2223,悦达起亚,6.49 - 6.89
202105,10,威驰FS,1730,一汽丰田,7.18 - 9.28
202105,11,欧拉好猫,1277,长城新能源,10.58 - 13.58
202105,12,瑞纳,993,北京现代,0.00 - 0.00
202105,13,LIFE,962,东风本田,9.78 - 11.28
202105,14,YARiS L 致享,840,广汽丰田,8.78 - 9.38
202105,15,奇瑞E3,745,奇瑞汽车,0.00 - 0.00
202105,16,宝骏310,678,上汽通用五菱,4.09 - 5.29
202105,17,全界Q1,147,云雀汽车,6.98 - 7.58
202105,18,零跑S01,51,零跑汽车,11.99 - 15.09
202105,19,和悦A30,0,江淮汽车,0.00 - 0.00
202105,20,江淮iEV,0,江淮汽车,9.45 - 9.45
202105,21,绅宝D20,0,北京汽车,0.00 - 0.00
202105,22,KX CROSS,0,悦达起亚,0.00 - 0.00
202105,23,力帆330EV,0,力帆汽车,0.00 - 0.00
202105,24,风云2,0,奇瑞汽车,0.00 - 0.00
202105,25,起亚K2,0,悦达起亚,0.00 - 0.00
202105,26,中华H230,0,华晨中华,0.00 - 0.00
202106,1,飞度,11370,广汽本田,8.18 - 10.88
202106,2,Polo,7546,上汽大众,9.09 - 12.49
202106,3,YARiS L 致炫,6273,广汽丰田,8.58 - 10.38
202106,4,威驰,4666,一汽丰田,7.38 - 9.48
202106,5,赛欧,4390,上汽通用雪佛兰,6.29 - 7.99
202106,6,名爵3,3511,上汽集团,0.00 - 0.00
202106,7,欧拉好猫,3405,长城新能源,10.58 - 13.58
202106,8,焕驰,3166,悦达起亚,6.49 - 6.89
202106,9,悦纳,2449,北京现代,7.28 - 9.68
202106,10,威驰FS,1947,一汽丰田,7.18 - 9.28
202106,11,悦翔,1913,长安汽车,5.19 - 6.79
202106,12,瑞纳,1548,北京现代,0.00 - 0.00
202106,13,LIFE,962,东风本田,9.78 - 11.28
202106,14,宝骏310,474,上汽通用五菱,4.09 - 5.29
202106,15,奇瑞E3,420,奇瑞汽车,0.00 - 0.00
202106,16,全界Q1,145,云雀汽车,6.98 - 7.58
202106,17,零跑S01,21,零跑汽车,11.99 - 15.09
202106,18,风云2,0,奇瑞汽车,0.00 - 0.00
202106,19,起亚K2,0,悦达起亚,0.00 - 0.00
202106,20,中华H230,0,华晨中华,0.00 - 0.00
202106,21,和悦A30,0,江淮汽车,0.00 - 0.00
202106,22,江淮iEV,0,江淮汽车,9.45 - 9.45
202106,23,绅宝D20,0,北京汽车,0.00 - 0.00
202106,24,KX CROSS,0,悦达起亚,0.00 - 0.00
202106,25,力帆330EV,0,力帆汽车,0.00 - 0.00
202107,1,飞度,12031,广汽本田,8.18 - 10.88
202107,2,Polo,5992,上汽大众,9.09 - 12.49
202107,3,YARiS L 致炫,5443,广汽丰田,8.58 - 10.38
202107,4,威驰,4757,一汽丰田,7.38 - 9.48
202107,5,赛欧,4144,上汽通用雪佛兰,6.29 - 7.99
202107,6,名爵3,3330,上汽集团,0.00 - 0.00
202107,7,LIFE,3170,东风本田,9.78 - 11.28
202107,8,焕驰,3043,悦达起亚,6.49 - 6.89
202107,9,欧拉好猫,2779,长城新能源,10.58 - 13.58
202107,10,悦翔,2440,长安汽车,5.19 - 6.79
202107,11,威驰FS,2004,一汽丰田,7.18 - 9.28
202107,12,悦纳,1687,北京现代,7.28 - 9.68
202107,13,YARiS L 致享,1122,广汽丰田,8.78 - 9.38
202107,14,瑞纳,240,北京现代,0.00 - 0.00
202107,15,零跑S01,22,零跑汽车,11.99 - 15.09
202107,16,宝骏310,2,上汽通用五菱,4.09 - 5.29
202107,17,起亚K2,0,悦达起亚,0.00 - 0.00
202107,18,中华H230,0,华晨中华,0.00 - 0.00
202107,19,和悦A30,0,江淮汽车,0.00 - 0.00
202107,20,奇瑞E3,0,奇瑞汽车,0.00 - 0.00
202107,21,江淮iEV,0,江淮汽车,9.45 - 9.45
202107,22,绅宝D20,0,北京汽车,0.00 - 0.00
202107,23,KX CROSS,0,悦达起亚,0.00 - 0.00
202107,24,力帆330EV,0,力帆汽车,0.00 - 0.00
202107,25,全界Q1,0,云雀汽车,6.98 - 7.58
202107,26,风云2,0,奇瑞汽车,0.00 - 0.00
202108,1,飞度,8104,广汽本田,8.18 - 10.88
202108,2,YARiS L 致炫,5357,广汽丰田,8.58 - 10.38
202108,3,赛欧,5182,上汽通用雪佛兰,6.29 - 7.99
202108,4,欧拉好猫,4005,长城新能源,10.58 - 13.58
202108,5,威驰,3532,一汽丰田,7.38 - 9.48
202108,6,Polo,3255,上汽大众,9.09 - 12.49
202108,7,LIFE,3239,东风本田,9.78 - 11.28
202108,8,悦翔,3010,长安汽车,5.19 - 6.79
202108,9,焕驰,2873,悦达起亚,6.49 - 6.89
202108,10,海豚,1755,比亚迪,9.98 - 13.98
202108,11,悦纳,1582,北京现代,7.28 - 9.68
202108,12,威驰FS,1565,一汽丰田,7.18 - 9.28
202108,13,瑞纳,1000,北京现代,0.00 - 0.00
202108,14,YARiS L 致享,878,广汽丰田,8.78 - 9.38
202108,15,名爵3,536,上汽集团,0.00 - 0.00
202108,16,奇瑞E3,300,奇瑞汽车,0.00 - 0.00
202108,17,零跑S01,16,零跑汽车,11.99 - 15.09
202108,18,全界Q1,0,云雀汽车,6.98 - 7.58
202108,19,风云2,0,奇瑞汽车,0.00 - 0.00
202108,20,起亚K2,0,悦达起亚,0.00 - 0.00
202108,21,中华H230,0,华晨中华,0.00 - 0.00
202108,22,和悦A30,0,江淮汽车,0.00 - 0.00
202108,23,中华H220,0,华晨中华,0.00 - 0.00
202108,24,江淮iEV,0,江淮汽车,9.45 - 9.45
202108,25,宝骏310,0,上汽通用五菱,4.09 - 5.29
202108,26,绅宝D20,0,北京汽车,0.00 - 0.00
202108,27,KX CROSS,0,悦达起亚,0.00 - 0.00
202108,28,力帆330EV,0,力帆汽车,0.00 - 0.00
202109,1,飞度,12355,广汽本田,8.18 - 10.88
202109,2,威驰,5358,一汽丰田,7.38 - 9.48
202109,3,赛欧,5134,上汽通用雪佛兰,6.29 - 7.99
202109,4,欧拉好猫,5085,长城新能源,10.58 - 13.58
202109,5,YARiS L 致炫,4761,广汽丰田,8.58 - 10.38
202109,6,海豚,3000,比亚迪,9.98 - 13.98
202109,7,悦翔,2531,长安汽车,5.19 - 6.79
202109,8,LIFE,2494,东风本田,9.78 - 11.28
202109,9,威驰FS,2291,一汽丰田,7.18 - 9.28
202109,10,Polo,1486,上汽大众,9.09 - 12.49
202109,11,名爵3,1433,上汽集团,0.00 - 0.00
202109,12,焕驰,1417,悦达起亚,6.49 - 6.89
202109,13,YARiS L 致享,837,广汽丰田,8.78 - 9.38
202109,14,悦纳,584,北京现代,7.28 - 9.68
202109,15,瑞纳,240,北京现代,0.00 - 0.00
202109,16,零跑S01,1,零跑汽车,11.99 - 15.09
202109,17,和悦A30,0,江淮汽车,0.00 - 0.00
202109,18,奇瑞E3,0,奇瑞汽车,0.00 - 0.00
202109,19,中华H220,0,华晨中华,0.00 - 0.00
202109,20,江淮iEV,0,江淮汽车,9.45 - 9.45
202109,21,宝骏310,0,上汽通用五菱,4.09 - 5.29
202109,22,绅宝D20,0,北京汽车,0.00 - 0.00
202109,23,KX CROSS,0,悦达起亚,0.00 - 0.00
202109,24,力帆330EV,0,力帆汽车,0.00 - 0.00
202109,25,全界Q1,0,云雀汽车,6.98 - 7.58
202109,26,风云2,0,奇瑞汽车,0.00 - 0.00
202109,27,起亚K2,0,悦达起亚,0.00 - 0.00
202109,28,中华H230,0,华晨中华,0.00 - 0.00
202110,1,飞度,10797,广汽本田,8.18 - 10.88
202110,2,欧拉好猫,7845,长城新能源,10.58 - 13.58
202110,3,海豚,6018,比亚迪,9.98 - 13.98
202110,4,YARiS L 致炫,5402,广汽丰田,8.58 - 10.38
202110,5,赛欧,5287,上汽通用雪佛兰,6.29 - 7.99
202110,6,威驰,3564,一汽丰田,7.38 - 9.48
202110,7,LIFE,3102,东风本田,9.78 - 11.28
202110,8,焕驰,2299,悦达起亚,6.49 - 6.89
202110,9,Polo,2087,上汽大众,9.09 - 12.49
202110,10,悦翔,1910,长安汽车,5.19 - 6.79
202110,11,威驰FS,1696,一汽丰田,7.18 - 9.28
202110,12,名爵3,1449,上汽集团,0.00 - 0.00
202110,13,瑞纳,870,北京现代,0.00 - 0.00
202110,14,YARiS L 致享,725,广汽丰田,8.78 - 9.38
202110,15,悦纳,210,北京现代,7.28 - 9.68
202110,16,和悦A30,0,江淮汽车,0.00 - 0.00
202110,17,奇瑞E3,0,奇瑞汽车,0.00 - 0.00
202110,18,中华H220,0,华晨中华,0.00 - 0.00
202110,19,江淮iEV,0,江淮汽车,9.45 - 9.45
202110,20,绅宝D20,0,北京汽车,0.00 - 0.00
202110,21,宝骏310,0,上汽通用五菱,4.09 - 5.29
202110,22,KX CROSS,0,悦达起亚,0.00 - 0.00
202110,23,力帆330EV,0,力帆汽车,0.00 - 0.00
202110,24,零跑S01,0,零跑汽车,11.99 - 15.09
202110,25,全界Q1,0,云雀汽车,6.98 - 7.58
202110,26,风云2,0,奇瑞汽车,0.00 - 0.00
202110,27,起亚K2,0,悦达起亚,0.00 - 0.00
202110,28,中华H230,0,华晨中华,0.00 - 0.00
202111,1,飞度,10286,广汽本田,8.18 - 10.88
202111,2,欧拉好猫,8855,长城新能源,10.58 - 13.58
202111,3,海豚,8809,比亚迪,9.98 - 13.98
202111,4,威驰,5181,一汽丰田,7.38 - 9.48
202111,5,赛欧,4889,上汽通用雪佛兰,6.29 - 7.99
202111,6,YARiS L 致炫,4624,广汽丰田,8.58 - 10.38
202111,7,名爵3,3296,上汽集团,0.00 - 0.00
202111,8,焕驰,2524,悦达起亚,6.49 - 6.89
202111,9,Polo,2047,上汽大众,9.09 - 12.49
202111,10,威驰FS,2000,一汽丰田,7.18 - 9.28
202111,11,悦翔,1470,长安汽车,5.19 - 6.79
202111,12,LIFE,740,东风本田,9.78 - 11.28
202111,13,YARiS L 致享,731,广汽丰田,8.78 - 9.38
202111,14,瑞纳,575,北京现代,0.00 - 0.00
202111,15,悦纳,170,北京现代,7.28 - 9.68
202111,16,零跑S01,36,零跑汽车,11.99 - 15.09
202111,17,爱唯欧,0,上汽通用雪佛兰,0.00 - 0.00
202111,18,起亚K2,0,悦达起亚,0.00 - 0.00
202111,19,中华H230,0,华晨中华,0.00 - 0.00
202111,20,和悦A30,0,江淮汽车,0.00 - 0.00
202111,21,奇瑞E3,0,奇瑞汽车,0.00 - 0.00
202111,22,中华H220,0,华晨中华,0.00 - 0.00
202111,23,江淮iEV,0,江淮汽车,9.45 - 9.45
202111,24,宝骏310,0,上汽通用五菱,4.09 - 5.29
202111,25,绅宝D20,0,北京汽车,0.00 - 0.00
202111,26,KX CROSS,0,悦达起亚,0.00 - 0.00
202111,27,力帆330EV,0,力帆汽车,0.00 - 0.00
202111,28,全界Q1,0,云雀汽车,6.98 - 7.58
202111,29,风云2,0,奇瑞汽车,0.00 - 0.00
202112,1,Polo,11288,上汽大众,9.09 - 12.49
202112,2,欧拉好猫,10685,长城新能源,10.58 - 13.58
202112,3,海豚,10016,比亚迪,9.98 - 13.98
202112,4,飞度,9237,广汽本田,8.18 - 10.88
202112,5,YARiS L 致炫,8020,广汽丰田,8.58 - 10.38
202112,6,焕驰,7843,悦达起亚,6.49 - 6.89
202112,7,威驰,6202,一汽丰田,7.38 - 9.48
202112,8,赛欧,5789,上汽通用雪佛兰,6.29 - 7.99
202112,9,悦翔,2460,长安汽车,5.19 - 6.79
202112,10,名爵3,2396,上汽集团,0.00 - 0.00
202112,11,威驰FS,1829,一汽丰田,7.18 - 9.28
202112,12,瑞纳,917,北京现代,0.00 - 0.00
202112,13,悦纳,743,北京现代,7.28 - 9.68
202112,14,YARiS L 致享,708,广汽丰田,8.78 - 9.38
202112,15,零跑S01,7,零跑汽车,11.99 - 15.09
202112,16,爱唯欧,0,上汽通用雪佛兰,0.00 - 0.00
202112,17,起亚K2,0,悦达起亚,0.00 - 0.00
202112,18,中华H230,0,华晨中华,0.00 - 0.00
202112,19,和悦A30,0,江淮汽车,0.00 - 0.00
202112,20,奇瑞E3,0,奇瑞汽车,0.00 - 0.00
202112,21,中华H220,0,华晨中华,0.00 - 0.00
202112,22,江淮iEV,0,江淮汽车,9.45 - 9.45
202112,23,宝骏310,0,上汽通用五菱,4.09 - 5.29
202112,24,LIFE,0,东风本田,9.78 - 11.28
202112,25,绅宝D20,0,北京汽车,0.00 - 0.00
202112,26,KX CROSS,0,悦达起亚,0.00 - 0.00
202112,27,力帆330EV,0,力帆汽车,0.00 - 0.00
202112,28,全界Q1,0,云雀汽车,6.98 - 7.58
202112,29,风云2,0,奇瑞汽车,0.00 - 0.00
202201,1,海豚,10602,比亚迪,9.98 - 13.98
202201,2,欧拉好猫,9020,长城新能源,10.58 - 13.58
202201,3,飞度,8937,广汽本田,8.18 - 10.88
202201,4,YARiS L 致炫,7877,广汽丰田,8.58 - 10.38
202201,5,悦翔,4858,长安汽车,5.19 - 6.79
202201,6,Polo,3888,上汽大众,9.09 - 12.49
202201,7,焕驰,3361,悦达起亚,6.49 - 6.89
202201,8,LIFE,2561,东风本田,9.78 - 11.28
202201,9,威驰,1995,一汽丰田,7.38 - 9.48
202201,10,威驰FS,609,一汽丰田,7.18 - 9.28
202201,11,YARiS L 致享,533,广汽丰田,8.78 - 9.38
202201,12,悦纳,196,北京现代,7.28 - 9.68
202201,13,全界Q1,100,云雀汽车,6.98 - 7.58
202201,14,零跑S01,9,零跑汽车,11.99 - 15.09
202202,1,海豚,8565,比亚迪,9.98 - 13.98
202202,2,威驰,4239,一汽丰田,7.38 - 9.48
202202,3,欧拉好猫,4066,长城新能源,10.58 - 13.58
202202,4,YARiS L 致炫,3353,广汽丰田,8.58 - 10.38
202202,5,Polo,2906,上汽大众,9.09 - 12.49
202202,6,悦翔,2402,长安汽车,5.19 - 6.79
202202,7,焕驰,1963,悦达起亚,6.49 - 6.89
202202,8,飞度,1905,广汽本田,8.18 - 10.88
202202,9,威驰FS,1406,一汽丰田,7.18 - 9.28
202202,10,悦纳,693,北京现代,7.28 - 9.68
202202,11,YARiS L 致享,260,广汽丰田,8.78 - 9.38
202202,12,LIFE,31,东风本田,9.78 - 11.28
202202,13,零跑S01,7,零跑汽车,11.99 - 15.09
202203,1,海豚,10501,比亚迪,9.98 - 13.98
202203,2,欧拉好猫,6342,长城新能源,10.58 - 13.58
202203,3,YARiS L 致炫,5508,广汽丰田,8.58 - 10.38
202203,4,飞度,5118,广汽本田,8.18 - 10.88
202203,5,Polo,3665,上汽大众,9.09 - 12.49
202203,6,威驰,3141,一汽丰田,7.38 - 9.48
202203,7,焕驰,2101,悦达起亚,6.49 - 6.89
202203,8,悦翔,1982,长安汽车,5.19 - 6.79
202203,9,LIFE,1147,东风本田,9.78 - 11.28
202203,10,威驰FS,1079,一汽丰田,7.18 - 9.28
202203,11,YARiS L 致享,402,广汽丰田,8.78 - 9.38
202203,12,悦纳,314,北京现代,7.28 - 9.68
202203,13,全界Q1,114,云雀汽车,6.98 - 7.58
202203,14,零跑S01,5,零跑汽车,11.99 - 15.09
202204,1,海豚,12040,比亚迪,9.98 - 13.98
202204,2,YARiS L 致炫,4505,广汽丰田,8.58 - 10.38
202204,3,飞度,2847,广汽本田,8.18 - 10.88
202204,4,焕驰,1619,悦达起亚,6.49 - 6.89
202204,5,欧拉好猫,1547,长城新能源,10.58 - 13.58
202204,6,LIFE,1457,东风本田,9.78 - 11.28
202204,7,威驰,1035,一汽丰田,7.38 - 9.48
202204,8,悦翔,1013,长安汽车,5.19 - 6.79
202204,9,威驰FS,329,一汽丰田,7.18 - 9.28
202204,10,YARiS L 致享,325,广汽丰田,8.78 - 9.38
202204,11,悦纳,201,北京现代,7.28 - 9.68
202204,12,全界Q1,193,云雀汽车,6.98 - 7.58
202204,13,Polo,19,上汽大众,9.09 - 12.49
202205,1,海豚,6430,比亚迪,9.98 - 13.98
202205,2,YARiS L 致炫,5467,广汽丰田,8.58 - 10.38
202205,3,欧拉好猫,4023,长城新能源,10.58 - 13.58
202205,4,飞度,3381,广汽本田,8.18 - 10.88
202205,5,焕驰,3137,悦达起亚,6.49 - 6.89
202205,6,悦翔,2021,长安汽车,5.19 - 6.79
202205,7,威驰,1165,一汽丰田,7.38 - 9.48
202205,8,LIFE,994,东风本田,9.78 - 11.28
202205,9,YARiS L 致享,414,广汽丰田,8.78 - 9.38
202205,10,威驰FS,384,一汽丰田,7.18 - 9.28
202205,11,全界Q1,220,云雀汽车,6.98 - 7.58
202205,12,悦纳,129,北京现代,7.28 - 9.68
202206,1,海豚,10376,比亚迪,9.98 - 13.98
202206,2,YARiS L 致炫,8966,广汽丰田,8.58 - 10.38
202206,3,飞度,8784,广汽本田,8.18 - 10.88
202206,4,欧拉好猫,8275,长城新能源,10.58 - 13.58
202206,5,威驰,6674,一汽丰田,7.38 - 9.48
202206,6,焕驰,5281,悦达起亚,6.49 - 6.89
202206,7,威驰FS,2543,一汽丰田,7.18 - 9.28
202206,8,悦翔,2528,长安汽车,5.19 - 6.79
202206,9,LIFE,1701,东风本田,9.78 - 11.28
202206,10,YARiS L 致享,749,广汽丰田,8.78 - 9.38
202206,11,Polo,350,上汽大众,9.09 - 12.49
202206,12,全界Q1,203,云雀汽车,6.98 - 7.58
202206,13,悦纳,157,北京现代,7.28 - 9.68
202207,1,海豚,21005,比亚迪,9.98 - 13.98
202207,2,飞度,8742,广汽本田,8.18 - 10.88
202207,3,YARiS L 致炫,7597,广汽丰田,8.58 - 10.38
202207,4,欧拉好猫,7313,长城新能源,10.58 - 13.58
202207,5,焕驰,5546,悦达起亚,6.49 - 6.89
202207,6,威驰,4536,一汽丰田,7.38 - 9.48
202207,7,悦翔,2485,长安汽车,5.19 - 6.79
202207,8,威驰FS,2287,一汽丰田,7.18 - 9.28
202207,9,LIFE,1652,东风本田,9.78 - 11.28
202207,10,YARiS L 致享,206,广汽丰田,8.78 - 9.38
202207,11,悦纳,155,北京现代,7.28 - 9.68
202207,12,全界Q1,139,云雀汽车,6.98 - 7.58
202207,13,Polo,8,上汽大众,9.09 - 12.49
202208,1,海豚,23469,比亚迪,9.98 - 13.98
202208,2,欧拉好猫,8105,长城新能源,10.58 - 13.58
202208,3,YARiS L 致炫,7201,广汽丰田,8.58 - 10.38
202208,4,焕驰,4183,悦达起亚,6.49 - 6.89
202208,5,飞度,2630,广汽本田,8.18 - 10.88
202208,6,威驰,1652,一汽丰田,7.38 - 9.48
202208,7,LIFE,1201,东风本田,9.78 - 11.28
202208,8,悦翔,905,长安汽车,5.19 - 6.79
202208,9,全界Q1,146,云雀汽车,6.98 - 7.58
202208,10,YARiS L 致享,14,广汽丰田,8.78 - 9.38
202208,11,悦纳,4,北京现代,7.28 - 9.68
202209,1,海豚,24956,比亚迪,9.98 - 13.98
202209,2,YARiS L 致炫,8511,广汽丰田,8.58 - 10.38
202209,3,欧拉好猫,7099,长城新能源,10.58 - 13.58
202209,4,Polo,6326,上汽大众,9.09 - 12.49
202209,5,威驰,4864,一汽丰田,7.38 - 9.48
202209,6,焕驰,3560,悦达起亚,6.49 - 6.89
202209,7,飞度,3367,广汽本田,8.18 - 10.88
202209,8,悦翔,1555,长安汽车,5.19 - 6.79
202209,9,威驰FS,1290,一汽丰田,7.18 - 9.28
202209,10,LIFE,1061,东风本田,9.78 - 11.28
202209,11,悦纳,623,北京现代,7.28 - 9.68
202209,12,全界Q1,215,云雀汽车,6.98 - 7.58
202210,1,海豚,25336,比亚迪,9.98 - 13.98
202210,2,飞度,8102,广汽本田,8.18 - 10.88
202210,3,YARiS L 致炫,7537,广汽丰田,8.58 - 10.38
202210,4,欧拉好猫,5057,长城新能源,10.58 - 13.58
202210,5,Polo,4559,上汽大众,9.09 - 12.49
202210,6,威驰,3823,一汽丰田,7.38 - 9.48
202210,7,焕驰,3482,悦达起亚,6.49 - 6.89
202210,8,悦翔,1935,长安汽车,5.19 - 6.79
202210,9,威驰FS,1673,一汽丰田,7.18 - 9.28
202210,10,LIFE,917,东风本田,9.78 - 11.28
202210,11,全界Q1,243,云雀汽车,6.98 - 7.58
202210,12,悦纳,50,北京现代,7.28 - 9.68
202211,1,海豚,26063,比亚迪,9.98 - 13.98
202211,2,YARiS L 致炫,6954,广汽丰田,8.58 - 10.38
202211,3,飞度,6686,广汽本田,8.18 - 10.88
202211,4,Polo,5669,上汽大众,9.09 - 12.49
202211,5,焕驰,3768,悦达起亚,6.49 - 6.89
202211,6,欧拉好猫,3630,长城新能源,10.58 - 13.58
202211,7,威驰,2496,一汽丰田,7.38 - 9.48
202211,8,威驰FS,1044,一汽丰田,7.18 - 9.28
202211,9,全界Q1,266,云雀汽车,6.98 - 7.58
202211,10,悦纳,137,北京现代,7.28 - 9.68
202211,11,LIFE,66,东风本田,9.78 - 11.28
202211,12,悦翔,14,长安汽车,5.19 - 6.79
202212,1,海豚,26074,比亚迪,9.98 - 13.98
202212,2,YARiS L 致炫,7837,广汽丰田,8.58 - 10.38
202212,3,飞度,5046,广汽本田,8.18 - 10.88
202212,4,Polo,3927,上汽大众,9.09 - 12.49
202212,5,欧拉好猫,3808,长城新能源,10.58 - 13.58
202212,6,焕驰,2514,悦达起亚,6.49 - 6.89
202212,7,威驰,2090,一汽丰田,7.38 - 9.48
202212,8,威驰FS,1483,一汽丰田,7.18 - 9.28
202212,9,LIFE,1069,东风本田,9.78 - 11.28
202212,10,悦翔,680,长安汽车,5.19 - 6.79
202212,11,全界Q1,176,云雀汽车,6.98 - 7.58
202212,12,零跑S01,42,零跑汽车,11.99 - 15.09
202212,13,悦纳,33,北京现代,7.28 - 9.68
202301,1,海豚,17582,比亚迪,9.98 - 13.98
202301,2,飞度,6160,广汽本田,8.18 - 10.88
202301,3,YARiS L 致炫,5808,广汽丰田,8.58 - 10.38
202301,4,威驰,2258,一汽丰田,7.38 - 9.48
202301,5,悦翔,2253,长安汽车,5.19 - 6.79
202301,6,Polo,2135,上汽大众,9.09 - 12.49
202301,7,欧拉好猫,1148,长城新能源,10.58 - 13.58
202301,8,威驰FS,917,一汽丰田,7.18 - 9.28
202301,9,LIFE,358,东风本田,9.78 - 11.28
202301,10,悦纳,93,北京现代,7.28 - 9.68
202301,11,焕驰,26,悦达起亚,6.49 - 6.89
202301,12,YARiS L 致享,11,广汽丰田,8.78 - 9.38
202302,1,海豚,22682,比亚迪,9.98 - 13.98
202302,2,飞度,6065,广汽本田,8.18 - 10.88
202302,3,YARiS L 致炫,5797,广汽丰田,8.58 - 10.38
202302,4,Polo,3658,上汽大众,9.09 - 12.49
202302,5,威驰,3336,一汽丰田,7.38 - 9.48
202302,6,悦翔,2485,长安汽车,5.19 - 6.79
202302,7,欧拉好猫,2420,长城新能源,10.58 - 13.58
202302,8,威驰FS,1226,一汽丰田,7.18 - 9.28
202302,9,LIFE,815,东风本田,9.78 - 11.28
202302,10,悦纳,212,北京现代,7.28 - 9.68
202302,11,焕驰,54,悦达起亚,6.49 - 6.89
202302,12,YARiS L 致享,8,广汽丰田,8.78 - 9.38
202303,1,海豚,27687,比亚迪,9.98 - 13.98
202303,2,YARiS L 致炫,5691,广汽丰田,8.58 - 10.38
202303,3,飞度,4250,广汽本田,8.18 - 10.88
202303,4,欧拉好猫,3970,长城新能源,10.58 - 13.58
202303,5,威驰,3349,一汽丰田,7.38 - 9.48
202303,6,五菱缤果,3311,上汽通用五菱,5.68 - 8.88
202303,7,Polo,3018,上汽大众,9.09 - 12.49
202303,8,威驰FS,1240,一汽丰田,7.18 - 9.28
202303,9,LIFE,650,东风本田,9.78 - 11.28
202303,10,焕驰,102,悦达起亚,6.49 - 6.89
202303,11,悦纳,4,北京现代,7.28 - 9.68
202303,12,YARiS L 致享,2,广汽丰田,8.78 - 9.38
202304,1,海豚,29961,比亚迪,9.98 - 13.98
202304,2,五菱缤果,15011,上汽通用五菱,5.68 - 8.88
202304,3,欧拉好猫,7097,长城新能源,10.58 - 13.58
202304,4,飞度,6453,广汽本田,8.18 - 10.88
202304,5,YARiS L 致炫,6317,广汽丰田,8.58 - 10.38
202304,6,威驰,3937,一汽丰田,7.38 - 9.48
202304,7,Polo,3499,上汽大众,9.09 - 12.49
202304,8,威驰FS,1544,一汽丰田,7.18 - 9.28
202304,9,LIFE,514,东风本田,9.78 - 11.28
202304,10,焕驰,222,悦达起亚,6.49 - 6.89
202304,11,悦纳,3,北京现代,7.28 - 9.68
202304,12,YARiS L 致享,3,广汽丰田,8.78 - 9.38
202304,13,悦翔,1,长安汽车,5.19 - 6.79
202305,1,海豚,29081,比亚迪,9.98 - 13.98
202305,2,五菱缤果,14164,上汽通用五菱,5.68 - 8.88
202305,3,海鸥,8427,比亚迪,6.98 - 8.58
202305,4,欧拉好猫,7519,长城新能源,10.58 - 13.58
202305,5,飞度,4252,广汽本田,8.18 - 10.88
202305,6,威驰,3823,一汽丰田,7.38 - 9.48
202305,7,Polo,3126,上汽大众,9.09 - 12.49
202305,8,威驰FS,2526,一汽丰田,7.18 - 9.28
202305,9,YARiS L 致炫,2264,广汽丰田,8.58 - 10.38
202305,10,LIFE,615,东风本田,9.78 - 11.28
202305,11,焕驰,103,悦达起亚,6.49 - 6.89
202305,12,悦纳,4,北京现代,7.28 - 9.68
202305,13,YARiS L 致享,2,广汽丰田,8.78 - 9.38
202306,1,海豚,26408,比亚迪,9.98 - 13.98
202306,2,海鸥,16560,比亚迪,6.98 - 8.58
202306,3,五菱缤果,12176,上汽通用五菱,5.68 - 8.88
202306,4,欧拉好猫,7658,长城新能源,10.58 - 13.58
202306,5,飞度,4544,广汽本田,8.18 - 10.88
202306,6,Polo,3115,上汽大众,9.09 - 12.49
202306,7,钇为3,1061,江汽集团,6.99 - 14.99
202306,8,威驰,524,一汽丰田,7.38 - 9.48
202306,9,LIFE,481,东风本田,9.78 - 11.28
202306,10,威驰FS,414,一汽丰田,7.18 - 9.28
202306,11,YARiS L 致炫,260,广汽丰田,8.58 - 10.38
202306,12,焕驰,209,悦达起亚,6.49 - 6.89
202307,1,海鸥,24989,比亚迪,6.98 - 8.58
202307,2,海豚,21800,比亚迪,9.98 - 13.98
202307,3,五菱缤果,14378,上汽通用五菱,5.68 - 8.88
202307,4,欧拉好猫,7786,长城新能源,10.58 - 13.58
202307,5,飞度,3404,广汽本田,8.18 - 10.88
202307,6,Polo,3219,上汽大众,9.09 - 12.49
202307,7,钇为3,2191,江汽集团,6.99 - 14.99
202307,8,LIFE,611,东风本田,9.78 - 11.28
202307,9,威驰,254,一汽丰田,7.38 - 9.48
202307,10,威驰FS,200,一汽丰田,7.18 - 9.28
202307,11,焕驰,158,悦达起亚,6.49 - 6.89
202307,12,YARiS L 致炫,92,广汽丰田,8.58 - 10.38
202308,1,海鸥,34841,比亚迪,6.98 - 8.58
202308,2,海豚,22096,比亚迪,9.98 - 13.98
202308,3,五菱缤果,13892,上汽通用五菱,5.68 - 8.88
202308,4,欧拉好猫,6383,长城新能源,10.58 - 13.58
202308,5,飞度,4346,广汽本田,8.18 - 10.88
202308,6,Polo,3442,上汽大众,9.09 - 12.49
202308,7,钇为3,2490,江汽集团,6.99 - 14.99
202308,8,LIFE,527,东风本田,9.78 - 11.28
202308,9,焕驰,160,悦达起亚,6.49 - 6.89
202308,10,威驰,30,一汽丰田,7.38 - 9.48
202308,11,威驰FS,23,一汽丰田,7.18 - 9.28
202308,12,YARiS L 致炫,14,广汽丰田,8.58 - 10.38
202309,1,海鸥,35011,比亚迪,6.98 - 8.58
202309,2,海豚,24282,比亚迪,9.98 - 13.98
202309,3,五菱缤果,19606,上汽通用五菱,5.68 - 8.88
202309,4,欧拉好猫,8392,长城新能源,10.58 - 13.58
202309,5,飞度,3944,广汽本田,8.18 - 10.88
202309,6,Polo,3060,上汽大众,9.09 - 12.49
202309,7,钇为3,1227,江汽集团,6.99 - 14.99
202309,8,LIFE,562,东风本田,9.78 - 11.28
202309,9,焕驰,122,悦达起亚,6.49 - 6.89
202309,10,威驰,9,一汽丰田,7.38 - 9.48
202309,11,威驰FS,4,一汽丰田,7.18 - 9.28
202310,1,海鸥,37836,比亚迪,6.98 - 8.58
202310,2,海豚,24735,比亚迪,9.98 - 13.98
202310,3,五菱缤果,23744,上汽通用五菱,5.68 - 8.88
202310,4,欧拉好猫,7664,长城新能源,10.58 - 13.58
202310,5,飞度,4759,广汽本田,8.18 - 10.88
202310,6,Polo,3460,上汽大众,9.09 - 12.49
202310,7,钇为3,2239,江汽集团,6.99 - 14.99
202310,8,LIFE,581,东风本田,9.78 - 11.28
202310,9,焕驰,127,悦达起亚,6.49 - 6.89
202310,10,威驰,7,一汽丰田,7.38 - 9.48
202310,11,威驰FS,1,一汽丰田,7.18 - 9.28
202311,1,海鸥,40594,比亚迪,6.98 - 8.58
202311,2,海豚,26580,比亚迪,9.98 - 13.98
202311,3,五菱缤果,24024,上汽通用五菱,5.68 - 8.88
202311,4,欧拉好猫,6903,长城新能源,10.58 - 13.58
202311,5,飞度,3826,广汽本田,8.18 - 10.88
202311,6,Polo,3453,上汽大众,9.09 - 12.49
202311,7,钇为3,1318,江汽集团,6.99 - 14.99
202311,8,LIFE,404,东风本田,9.78 - 11.28
202311,9,焕驰,56,悦达起亚,6.49 - 6.89
202311,10,威驰,4,一汽丰田,7.38 - 9.48
202311,11,威驰FS,4,一汽丰田,7.18 - 9.28
202312,1,海鸥,41012,比亚迪,6.98 - 8.58
202312,2,五菱缤果,27458,上汽通用五菱,5.68 - 8.88
202312,3,海豚,26814,比亚迪,9.98 - 13.98
202312,4,欧拉好猫,6621,长城新能源,10.58 - 13.58
202312,5,飞度,3113,广汽本田,8.18 - 10.88
202312,6,Polo,2918,上汽大众,9.09 - 12.49
202312,7,钇为3,509,江汽集团,6.99 - 14.99
202312,8,LIFE,270,东风本田,9.78 - 11.28
202312,9,焕驰,48,悦达起亚,6.49 - 6.89
202312,10,威驰FS,3,一汽丰田,7.18 - 9.28
202312,11,威驰,1,一汽丰田,7.38 - 9.48
202401,1,海鸥,28050,比亚迪,6.98 - 8.58
202401,2,海豚,16386,比亚迪,9.98 - 13.98
202401,3,五菱缤果,11746,上汽通用五菱,5.68 - 8.88
202401,4,欧拉好猫,4033,长城新能源,10.58 - 13.58
202401,5,飞度,2188,广汽本田,8.18 - 10.88
202401,6,Polo,2110,上汽大众,9.09 - 12.49
202401,7,纳米01,1884,东风汽车,7.48 - 13.98
202401,8,钇为3,500,江汽集团,6.99 - 14.99
202401,9,LIFE,459,东风本田,9.78 - 11.28
202401,10,焕驰,380,悦达起亚,6.49 - 6.89
202401,11,威驰,4,一汽丰田,7.38 - 9.48
202401,12,威驰FS,4,一汽丰田,7.18 - 9.28
202402,1,海鸥,14403,比亚迪,6.98 - 8.58
202402,2,海豚,9213,比亚迪,9.98 - 13.98
202402,3,五菱缤果,8087,上汽通用五菱,5.68 - 8.88
202402,4,飞度,1844,广汽本田,8.18 - 10.88
202402,5,欧拉好猫,1731,长城新能源,10.58 - 13.58
202402,6,纳米01,1668,东风汽车,7.48 - 13.98
202402,7,Polo,1636,上汽大众,9.09 - 12.49
202402,8,LIFE,166,东风本田,9.78 - 11.28
202402,9,钇为3,73,江汽集团,6.99 - 14.99
202402,10,焕驰,45,悦达起亚,6.49 - 6.89
202403,1,海鸥,27866,比亚迪,6.98 - 8.58
202403,2,海豚,12672,比亚迪,9.98 - 13.98
202403,3,五菱缤果,11319,上汽通用五菱,5.68 - 8.88
202403,4,欧拉好猫,4132,长城新能源,10.58 - 13.58
202403,5,飞度,1994,广汽本田,8.18 - 10.88
202403,6,Polo,1887,上汽大众,9.09 - 12.49
202403,7,五菱缤果Plus,1375,上汽通用五菱,7.58 - 9.88
202403,8,纳米01,1188,东风汽车,7.48 - 13.98
202403,9,钇为3,484,江汽集团,6.99 - 14.99
202403,10,LIFE,234,东风本田,9.78 - 11.28
202403,11,焕驰,40,悦达起亚,6.49 - 6.89
202404,1,海鸥,28797,比亚迪,6.98 - 8.58
202404,2,五菱缤果,11749,上汽通用五菱,5.68 - 8.88
202404,3,海豚,9995,比亚迪,9.98 - 13.98
202404,4,欧拉好猫,3232,长城新能源,10.58 - 13.58
202404,5,纳米01,1802,东风汽车,7.48 - 13.98
202404,6,飞度,1504,广汽本田,8.18 - 10.88
202404,7,Polo,1361,上汽大众,9.09 - 12.49
202404,8,五菱缤果Plus,1001,上汽通用五菱,7.58 - 9.88
202404,9,钇为3,678,江汽集团,6.99 - 14.99
202404,10,LIFE,353,东风本田,9.78 - 11.28
202404,11,焕驰,40,悦达起亚,6.49 - 6.89
202405,1,海鸥,33544,比亚迪,6.98 - 8.58
202405,2,五菱缤果,13870,上汽通用五菱,5.68 - 8.88
202405,3,海豚,10832,比亚迪,9.98 - 13.98
202405,4,欧拉好猫,4262,长城新能源,10.58 - 13.58
202405,5,纳米01,2245,东风汽车,7.48 - 13.98
202405,6,飞度,1610,广汽本田,8.18 - 10.88
202405,7,Polo,1420,上汽大众,9.09 - 12.49
202405,8,钇为3,728,江汽集团,6.99 - 14.99
202405,9,五菱缤果Plus,661,上汽通用五菱,7.58 - 9.88
202405,10,LIFE,164,东风本田,9.78 - 11.28
202405,11,焕驰,21,悦达起亚,6.49 - 6.89
202406,1,海鸥,35201,比亚迪,6.98 - 8.58
202406,2,五菱缤果,11175,上汽通用五菱,5.68 - 8.88
202406,3,海豚,8429,比亚迪,9.98 - 13.98
202406,4,欧拉好猫,4578,长城新能源,10.58 - 13.58
202406,5,纳米01,2251,东风汽车,7.48 - 13.98
202406,6,Polo,1121,上汽大众,9.09 - 12.49
202406,7,飞度,961,广汽本田,8.18 - 10.88
202406,8,钇为3,659,江汽集团,6.99 - 14.99
202406,9,五菱缤果Plus,540,上汽通用五菱,7.58 - 9.88
202406,10,LIFE,120,东风本田,9.78 - 11.28
202406,11,焕驰,15,悦达起亚,6.49 - 6.89
202407,1,海鸥,34789,比亚迪,6.98 - 8.58
202407,2,五菱缤果,14536,上汽通用五菱,5.68 - 8.88
202407,3,海豚,12443,比亚迪,9.98 - 13.98
202407,4,欧拉好猫,3655,长城新能源,10.58 - 13.58
202407,5,纳米01,2708,东风汽车,7.48 - 13.98
202407,6,Polo,1258,上汽大众,9.09 - 12.49
202407,7,五菱缤果Plus,1193,上汽通用五菱,7.58 - 9.88
202407,8,飞度,822,广汽本田,8.18 - 10.88
202407,9,钇为3,819,江汽集团,6.99 - 14.99
202407,10,LIFE,73,东风本田,9.78 - 11.28
202407,11,焕驰,14,悦达起亚,6.49 - 6.89
202408,1,海鸥,46830,比亚迪,6.98 - 8.58
202408,2,五菱缤果,22185,上汽通用五菱,5.68 - 8.88
202408,3,海豚,15984,比亚迪,9.98 - 13.98
202408,4,欧拉好猫,3951,长城新能源,10.58 - 13.58
202408,5,纳米01,3460,东风汽车,7.48 - 13.98
202408,6,五菱缤果Plus,1470,上汽通用五菱,7.58 - 9.88
202408,7,Polo,1450,上汽大众,9.09 - 12.49
202408,8,钇为3,1211,江汽集团,6.99 - 14.99
202408,9,飞度,875,广汽本田,8.18 - 10.88
202408,10,LIFE,159,东风本田,9.78 - 11.28
202408,11,焕驰,27,悦达起亚,6.49 - 6.89
